date,ticker,name,open,high,low,close,prev_close,change_pct,volume,value_iqd,trades
2026-09-07,BASH,Ashur International Bank,0.32,0.32,0.32,0.32,0.31,3.23,500000,160000.0,2
2026-09-07,BBOB,Bank of Baghdad,3.0,3.0,2.97,2.97,3.0,-1.0,10729107,32116583.23,42
2026-09-07,BCOI,Commercial Islamic Bank of Iraq,0.58,0.58,0.56,0.57,0.58,-1.72,14345545,8196535.95,19
2026-09-07,BEFI,Economy Bank,0.24,0.24,0.23,0.23,0.24,-4.17,21102853,4873656.19,6
2026-09-07,BGUC,Gulf Commercial Bank,0.33,0.33,0.33,0.33,0.33,0.0,155000,51150.0,2
2026-09-07,BIBI,Investment Bank of Iraq,0.39,0.39,0.39,0.39,0.39,0.0,14757772,5755531.08,13
2026-09-07,BIIB,Iraqi Islamic Bank,0.98,0.98,0.97,0.97,0.97,0.0,10099800,9796817.2,21
2026-09-07,BIME,Middle East Bank,0.07,0.08,0.07,0.08,0.07,14.29,55373849,3959097.92,14
2026-09-07,BMNS,Al -Mansour Bank,2.12,2.12,2.1,2.1,2.12,-0.94,145958764,307323200.3,136
2026-09-07,BNOI,National Bank of Iraq,3.82,4.0,3.81,3.82,3.82,0.0,22292078,85501230.81,79
2026-09-07,TASC,Asia Cell Telecommunication,15.75,15.76,15.73,15.75,15.75,0.0,5793156,91209647.46,110
2026-09-07,TZNI,Al-Khatam Telecom,3.7,3.72,3.7,3.72,3.7,0.54,252617,939035.75,11
2026-09-07,NDSA,Dar Al-Salam for Insurance,0.71,0.71,0.7,0.7,0.73,-4.11,1010000,717000.0,3
2026-09-07,NGIR,Gulf Insurance ,0.66,0.66,0.65,0.65,0.65,0.0,780305,513701.3,8
2026-09-07,SBPT,Baghdad -Iraq Transportation,21.0,21.0,20.75,20.75,21.0,-1.19,631529,13125569.0,23
2026-09-07,SKTA,Kharkh Tour Amuzement City,4.45,4.45,4.4,4.4,4.45,-1.12,165355,735424.9,5
2026-09-07,SMRI,Mamoura Realestate ,2.61,2.61,2.45,2.5,2.65,-5.66,5000198,12384958.89,39
2026-09-07,IBSD,Baghdad Soft Drinks,6.18,6.18,6.15,6.16,6.18,-0.32,5954848,36679424.57,86
2026-09-07,IHLI,Al-Hilal Industries,1.4,1.4,1.4,1.4,1.36,2.941176470588225,50000,70000.0,1
2026-09-07,IITC,Iraqi For Tufted Carpets,22.0,22.0,22.0,22.0,22.0,0.0,942000,20724000.0,6
2026-09-07,IKHC,Al -Khazer Construction Materials,1.2,1.2,1.2,1.2,1.2,0.0,100,120.0,1
2026-09-07,IKLV,Al-Kindi of Veterinary Vaccines,2.7,2.7,2.7,2.7,2.55,5.88,10000,27000.0,2
2026-09-07,IMAP,Al-Mansour Pharmaceuticals Industries,2.2,2.2,2.2,2.2,2.2,0.0,1533061,3372734.2,35
2026-09-07,IMOS,Modern Sewing,7.0,7.21,7.0,7.2,7.5,-4.0,1453832,10339040.4,17
2026-09-07,IRMC,Ready Made Clothes ,2.3,2.3,2.18,2.25,2.35,-4.26,1528807,3430075.58,9
2026-09-07,HBAG,Baghdad Hotel,12.2,12.2,12.19,12.2,12.2,0.0,130738,1594753.6,7
2026-09-07,HMAN,Mansour Hotel,61.2,61.2,61.2,61.2,65.5,-6.56,21000,1285200.0,4
2026-09-07,BANS,AL-Anssari Islamic Bank,0.05,0.05,0.05,0.05,0.05,0.0,24600000000,1230000000.0,1
2026-09-07,BINT,International Islamic Bank,0.14,0.14,0.13,0.13,0.14,-7.14,210000,29365.03,5
2026-09-07,BLAD,Al-Ataa Islamic Bank,0.09,0.09,0.09,0.09,0.09,0.0,71000,6390.0,2
2026-09-07,BROI,Credit Bank Of Iraq,0.51,0.51,0.5,0.51,0.51,0.0,19917135,10157028.85,35
2026-09-07,NHAM,Al-Hamraa for Insurance,5.0,5.0,5.0,5.0,5.0,0.0,95078,475390.0,2
2026-09-07,IFCM,Fallujah for construction Materials,2.83,2.83,2.81,2.81,2.83,-0.71,953394,2691067.14,7
2026-09-07,BMFI,Mosul Bank For Investment,0.13,0.13,0.13,0.13,0.14,-7.14,6002541,780330.33,6
2026-09-07,BSUC,Sumer Commercial Bank,0.21,0.21,0.21,0.21,0.21,0.0,17000000,3570000.0,5
2026-09-07,IICM,Iraqi Carton Manufactories,1.8,1.8,1.8,1.8,1.8,0.0,400000,720000.0,2
2026-09-07,INCP,National Chemical &Plastic,1.82,1.82,1.82,1.82,1.78,2.25,200000,364000.0,1
2026-09-07,ITLI,The Light Industries,1.27,1.27,1.27,1.27,1.28,-0.78,1008786,1281158.22,1
2026-09-07,HISH,Ishtar Hotels,9.5,9.54,9.3,9.54,9.44,1.06,3233840,30472709.7,26
2026-09-07,HNTI,National for Tourist Investment,9.0,9.0,9.0,9.0,9.65,-6.735751295336789,10000,90000.0,2
2026-09-07,HPAL,Palestine Hotel,21.98,22.0,21.7,21.85,21.98,-0.59,1402226,30630867.48,20
2026-09-07,HSAD,Al-Sadeer Hotel,23.0,23.0,23.0,23.0,23.0,0.0,40000,920000.0,8
2026-09-07,ABAP,Babil Animal & Vegetable Production ,7.8,8.45,7.8,8.45,7.8,8.33,8529,68586.7,3
2026-09-07,AISP,Iraqi for Seed Production,5.52,5.53,5.4,5.45,5.55,-1.8,13542137,73636952.71,88
2026-09-07,AMAP,Modern for Animal Production,0.34,0.34,0.34,0.34,0.34,0.0,104925,35674.5,4
2026-09-07,BAIB,Asia Al Iraq Islamic Bank for Investment,,,,0.96,,,0,,0
2026-09-07,BNAI,National Islamic Bank,,,,1.0,,,0,,0
2026-09-07,BELF,Elaf Islamic Bank,,,,0.32,,,0,,0
2026-09-07,BKUI,Kurdistan International Bank,,,,1.35,,,0,,0
2026-09-07,BCIH,Cihan Bank for Islamic Investment&Finance,,,,1.75,,,0,,0
2026-09-07,NAME,Al-Ameen for Insurance,,,,0.86,,,0,,0
2026-09-07,SMOF,Al-Mosul for funfairs,,,,13.0,,,0,,0
2026-09-07,SNUC,AL-Nukhba for Construction,,,,0.69,,,0,,0
2026-09-07,IMIB,Metallic Industries and Bicycles,,,,1.94,,,0,,0
2026-09-07,IIEW,Iraqi Engineering Works,,,,5.04,,,0,,0
2026-09-07,IIDP,Iraqi Date Processing and Marketing,,,,2.15,,,0,,0
2026-09-07,HBAY,Babylon Hotel,,,,108.0,,,0,,0
2026-09-07,HTVM,Tourist Village of Mosul dam,,,,13.0,,,0,,0
2026-09-07,AAHP,Al-Ahlyia agricultural production,,,,2.11,,,0,,0
2026-09-07,AIRP,Iraqi Agricultural Products ,,,,11.0,,,0,,0
2026-09-07,AMEF,Middle East for Production- Fish,,,,5.99,,,0,,0
2026-09-07,AIPM,Agricultural Products Meat,,,,4.7,,,0,,0
2026-09-07,BQAB,Al-Qabidh Islamic Bank,,,,0.07,,,0,,0
2026-09-07,BINI,Iraq Noor Islamic Bank for Investment,,,,0.2,,,0,,0
2026-09-07,BTRI,Trans Iraq Bank Investment,,,,0.27,,,0,,0
2026-09-07,BAAI,Arab Islamic Bank,,,,1.0,,,0,,0
2026-09-07,BQUR,Al-Qurtas Islamic Bank,,,,1.0,,,0,,0
2026-09-07,BMAL,AL- Mal Islamic Bank,,,,1.0,,,0,,0
2026-09-07,BERI,Erbil Investment & FinanceBank,,,,0.11,,,0,,0
2026-09-07,BRTB,Region Trade Bank,,,,1.01,,,0,,0
2026-09-07,BIDB,International Development Bank,,,,1.05,,,0,,0
2026-09-07,BRAJ,Al-Rajih Islamic Bank,,,,1.0,,,0,,0
2026-09-07,BMUI,Al-Mustashar Islamic Bank for Investment,,,,1.0,,,0,,0
2026-09-07,BTRU,Trust International Islamic Bank,,,,0.75,,,0,,0
2026-09-07,BJAB,Al janoob Islamic Bank,,,,0.94,,,0,,0
2026-09-07,BAMS,Al-Mashreq Al-Arabi Islamic Bank,,,,0.85,,,0,,0
2026-09-07,NAHF,Alahliya For Insurance,,,,0.82,,,0,,0
2026-09-07,VWIF,AL-Wiaam for Financial Investment,,,,0.68,,,0,,0
2026-09-07,VAMF,Al-Ameen for Financial Investment,,,,1.26,,,0,,0
2026-09-07,SAEI,Al-Ameen Estate Investment,,,,1.66,,,0,,0
2026-09-07,SIBD,Ibdaa Al-sharq Alwast General Contracting,,,,1.0,,,0,,0
2026-09-07,IHFI,National Furniture Industries,,,,1.15,,,0,,0
2026-09-07,IBPM,Baghdad for Packing Materials,,,,3.0,,,0,,0
2026-09-07,IMCI,Modern chemical industries,,,,100.0,,,0,,0
2026-09-07,HASH,Ashour Hotel,,,,25.99,,,0,,0
2026-09-07,BUND,United Bank,,,,0.05,,,0,,0
2026-09-07,BUOI,Union Bank of Iraq,,,,0.16,,,0,,0
2026-09-07,BWOR,World Islamic Bank for Investment,,,,1.0,,,0,,0
2026-09-07,BAME,Ameen Al-Iraq Islamic Bank,,,,1.0,,,0,,0
2026-09-07,SBAG,AL-Badia for General Trans,,,,1.2,,,0,,0
2026-09-07,SIGT,General Transportation,,,,1.37,,,0,,0
2026-09-07,IMCM,Modern Construction Materials,,,,1.35,,,0,,0
2026-09-07,IELI,Electronic Industry,,,,1.37,,,0,,0
2026-09-08,BASH,Ashur International Bank,0.32,0.32,0.32,0.32,0.32,0.0,997206.0,319105.92,3
2026-09-08,BBOB,Bank of Baghdad,2.97,2.97,2.92,2.92,2.97,-1.68,15544361.0,45689010.45,101
2026-09-08,BCOI,Commercial Islamic Bank of Iraq,0.57,0.57,0.55,0.55,0.57,-3.51,8362143.0,4657334.62,25
2026-09-08,BEFI,Economy Bank,0.24,0.24,0.23,0.23,0.23,0.0,71475644.0,17113608.39,26
2026-09-08,BGUC,Gulf Commercial Bank,0.33,0.33,0.33,0.33,0.33,0.0,14161024.0,4673137.92,9
2026-09-08,BIBI,Investment Bank of Iraq,0.39,0.4,0.38,0.4,0.39,2.56,13058790.0,5102524.41,12
2026-09-08,BIIB,Iraqi Islamic Bank,0.97,0.97,0.96,0.96,0.97,-1.03,15137164.0,14541933.63,39
2026-09-08,BIME,Middle East Bank,0.08,0.08,0.07,0.07,0.08,-12.5,902837.0,69164.79,7
2026-09-08,BKUI,Kurdistan International Bank,1.3,1.3,1.3,1.3,1.35,-3.7,3681.0,4785.3,1
2026-09-08,BMNS,Al -Mansour Bank,2.1,2.1,2.04,2.08,2.1,-0.95,303238225.0,625103485.48,242
2026-09-08,BNOI,National Bank of Iraq,3.82,3.82,3.77,3.82,3.82,0.0,11555545.0,43900564.75,81
2026-09-08,TASC,Asia Cell Telecommunication,15.75,15.8,15.69,15.69,15.75,-0.38,9745132.0,153247958.41,121
2026-09-08,TZNI,Al-Khatam Telecom,3.72,3.9,3.72,3.8,3.72,2.15,927264.0,3531940.57,23
2026-09-08,SBPT,Baghdad -Iraq Transportation,20.8,20.8,20.5,20.65,20.75,-0.48,693200.0,14293200.0,19
2026-09-08,SMRI,Mamoura Realestate ,2.49,2.49,2.3,2.35,2.5,-6.0,3587024.0,8355030.33,37
2026-09-08,IBSD,Baghdad Soft Drinks,6.16,6.18,6.15,6.18,6.16,0.32,3056414.0,18822284.91,64
2026-09-08,IHLI,Al-Hilal Industries,1.4,1.4,1.4,1.4,1.4,0.0,810.0,1134.0,2
2026-09-08,IIDP,Iraqi Date Processing and Marketing,2.15,2.15,2.15,2.15,2.15,0.0,11511.0,24748.65,4
2026-09-08,IITC,Iraqi For Tufted Carpets,22.0,22.0,22.0,22.0,22.0,0.0,520400.0,11448800.0,2
2026-09-08,IKHC,Al -Khazer Construction Materials,1.2,1.2,1.19,1.19,1.2,-0.83,29195.0,34824.88,4
2026-09-08,IKLV,Al-Kindi of Veterinary Vaccines,2.7,2.7,2.55,2.69,2.7,-0.37,222490.0,597592.65,13
2026-09-08,IMAP,Al-Mansour Pharmaceuticals Industries,2.2,2.2,2.2,2.2,2.2,0.0,5284091.0,11625000.2,13
2026-09-08,IMOS,Modern Sewing,7.06,7.5,7.06,7.2,7.2,0.0,2135000.0,15300700.0,23
2026-09-08,IRMC,Ready Made Clothes ,2.25,2.25,2.25,2.25,2.25,0.0,97000.0,218250.0,3
2026-09-08,HBAG,Baghdad Hotel,12.29,12.3,12.25,12.25,12.2,0.41,2120161.0,25972419.09,10
2026-09-08,HBAY,Babylon Hotel,108.0,108.0,108.0,108.0,108.0,0.0,261.0,28188.0,1
2026-09-08,HTVM,Tourist Village of Mosul dam,13.6,15.6,13.55,13.55,13.0,4.23,11938.0,166760.34,6
2026-09-08,AIPM,Agricultural Products Meat,4.7,4.7,4.7,4.7,4.7,0.0,438539.0,2061133.3,6
2026-09-08,AMEF,Middle East for Production- Fish,5.69,5.69,5.69,5.69,5.99,-5.01,8397.0,47778.93,3
2026-09-08,BINT,International Islamic Bank,0.13,0.16,0.12,0.12,0.13,-7.69,1225000.0,160583.33,18
2026-09-08,BROI,Credit Bank Of Iraq,0.5,0.5,0.5,0.5,0.51,-1.96,12000000.0,6000000.0,40
2026-09-08,SAEI,Al-Ameen Estate Investment,1.66,1.66,1.66,1.66,1.66,0.0,5000.0,8300.0,1
2026-09-08,NHAM,Al-Hamraa for Insurance,5.0,5.0,5.0,5.0,5.0,0.0,8988.0,44940.0,2
2026-09-08,IFCM,Fallujah for construction Materials,2.82,2.85,2.81,2.85,2.81,1.42,1599024.0,4530231.2,13
2026-09-08,HASH,Ashour Hotel,25.99,25.99,25.99,25.99,25.99,0.0,1000.0,25990.0,1
2026-09-08,BSUC,Sumer Commercial Bank,0.21,0.22,0.21,0.22,0.21,4.76,60209004.0,12645116.55,14
2026-09-08,SIGT,General Transportation,1.38,1.38,1.35,1.35,1.37,-1.46,19320.0,26470.22,4
2026-09-08,IICM,Iraqi Carton Manufactories,1.8,1.8,1.8,1.8,1.8,0.0,5522.0,9939.6,1
2026-09-08,INCP,National Chemical &Plastic,1.83,1.83,1.83,1.83,1.82,0.55,237500.0,434625.0,1
2026-09-08,ITLI,The Light Industries,1.27,1.27,1.27,1.27,1.27,0.0,1000000.0,1270000.0,1
2026-09-08,HISH,Ishtar Hotels,9.53,9.53,9.25,9.42,9.54,-1.26,1267414.0,11883310.98,16
2026-09-08,HPAL,Palestine Hotel,21.5,21.5,21.0,21.0,21.85,-3.89,867011.0,18257431.0,18
2026-09-08,HSAD,Al-Sadeer Hotel,24.0,24.0,24.0,24.0,23.0,4.35,108000.0,2592000.0,22
2026-09-08,ABAP,Babil Animal & Vegetable Production ,8.45,8.45,8.45,8.45,8.45,0.0,6334.0,53522.3,4
2026-09-08,AISP,Iraqi for Seed Production,5.45,5.45,5.35,5.43,5.45,-0.37,9039970.0,48933732.78,48
2026-09-08,AMAP,Modern for Animal Production,0.34,0.34,0.34,0.34,0.34,0.0,102215.0,34753.1,3
2026-09-08,BWAI,Al-Warka Bank,,0.14,0.14,0.14,,,3043837.0,426137.18,5
2026-09-08,IKFP,Kirkuk producing constructional materials,,2.0,2.0,2.0,,,4970.0,9940.0,2
2026-09-08,BSAN,Al-Sanam Islamic Bank,,,,,,,,,3
2026-09-08,BAIB,Asia Al Iraq Islamic Bank for Investment,,,,0.96,,,0.0,,0
2026-09-08,BNAI,National Islamic Bank,,,,1.0,,,0.0,,0
2026-09-08,BELF,Elaf Islamic Bank,,,,0.32,,,0.0,,0
2026-09-08,BCIH,Cihan Bank for Islamic Investment&Finance,,,,1.75,,,0.0,,0
2026-09-08,NDSA,Dar Al-Salam for Insurance,,,,0.7,,,0.0,,0
2026-09-08,NAME,Al-Ameen for Insurance,,,,0.86,,,0.0,,0
2026-09-08,SKTA,Kharkh Tour Amuzement City,,,,4.4,,,0.0,,0
2026-09-08,SMOF,Al-Mosul for funfairs,,,,13.0,,,0.0,,0
2026-09-08,SNUC,AL-Nukhba for Construction,,,,0.69,,,0.0,,0
2026-09-08,HKAR,Rehab Karbalaa ,,,,0.5,,,0.0,,0
2026-09-08,IMIB,Metallic Industries and Bicycles,,,,1.94,,,0.0,,0
2026-09-08,IIEW,Iraqi Engineering Works,,,,5.04,,,0.0,,0
2026-09-08,HMAN,Mansour Hotel,,,,61.2,,,0.0,,0
2026-09-08,AAHP,Al-Ahlyia agricultural production,,,,2.11,,,0.0,,0
2026-09-08,AIRP,Iraqi Agricultural Products ,,,,11.0,,,0.0,,0
2026-09-08,BANS,AL-Anssari Islamic Bank,,,,0.05,,,0.0,,0
2026-09-08,BLAD,Al-Ataa Islamic Bank,,,,0.09,,,0.0,,0
2026-09-08,BQAB,Al-Qabidh Islamic Bank,,,,0.07,,,0.0,,0
2026-09-08,BINI,Iraq Noor Islamic Bank for Investment,,,,0.2,,,0.0,,0
2026-09-08,BTRI,Trans Iraq Bank Investment,,,,0.27,,,0.0,,0
2026-09-08,BAAI,Arab Islamic Bank,,,,1.0,,,0.0,,0
2026-09-08,BQUR,Al-Qurtas Islamic Bank,,,,1.0,,,0.0,,0
2026-09-08,BMAL,AL- Mal Islamic Bank,,,,1.0,,,0.0,,0
2026-09-08,BERI,Erbil Investment & FinanceBank,,,,0.11,,,0.0,,0
2026-09-08,BRTB,Region Trade Bank,,,,1.01,,,0.0,,0
2026-09-08,BIDB,International Development Bank,,,,1.05,,,0.0,,0
2026-09-08,BRAJ,Al-Rajih Islamic Bank,,,,1.0,,,0.0,,0
2026-09-08,BMUI,Al-Mustashar Islamic Bank for Investment,,,,1.0,,,0.0,,0
2026-09-08,BTRU,Trust International Islamic Bank,,,,0.75,,,0.0,,0
2026-09-08,BJAB,Al janoob Islamic Bank,,,,0.94,,,0.0,,0
2026-09-08,BAMS,Al-Mashreq Al-Arabi Islamic Bank,,,,0.85,,,0.0,,0
2026-09-08,NAHF,Alahliya For Insurance,,,,0.82,,,0.0,,0
2026-09-08,VWIF,AL-Wiaam for Financial Investment,,,,0.68,,,0.0,,0
2026-09-08,VAMF,Al-Ameen for Financial Investment,,,,1.26,,,0.0,,0
2026-09-08,SIBD,Ibdaa Al-sharq Alwast General Contracting,,,,1.0,,,0.0,,0
2026-09-08,IHFI,National Furniture Industries,,,,1.15,,,0.0,,0
2026-09-08,IBPM,Baghdad for Packing Materials,,,,3.0,,,0.0,,0
2026-09-08,IMCI,Modern chemical industries,,,,100.0,,,0.0,,0
2026-09-08,BMFI,Mosul Bank For Investment,,,,0.13,,,0.0,,0
2026-09-08,BUND,United Bank,,,,0.05,,,0.0,,0
2026-09-08,BUOI,Union Bank of Iraq,,,,0.16,,,0.0,,0
2026-09-08,BWOR,World Islamic Bank for Investment,,,,1.0,,,0.0,,0
2026-09-08,BAME,Ameen Al-Iraq Islamic Bank,,,,1.0,,,0.0,,0
2026-09-08,SBAG,AL-Badia for General Trans,,,,1.2,,,0.0,,0
2026-09-08,IMCM,Modern Construction Materials,,,,1.35,,,0.0,,0
2026-09-08,IELI,Electronic Industry,,,,1.37,,,0.0,,0
2026-09-08,HNTI,National for Tourist Investment,,,,9.0,,,0.0,,0
2026-09-09,BASH,Ashur International Bank,0.32,0.32,0.32,0.32,0.32,0.0,3316812.0,1061379.84,1.0
2026-09-09,BBOB,Bank of Baghdad,2.92,2.94,2.87,2.92,2.92,0.0,36276367.0,105483422.59,185.0
2026-09-09,BCOI,Commercial Islamic Bank of Iraq,0.55,0.55,0.55,0.55,0.55,0.0,15072089.0,8289648.95,22.0
2026-09-09,BEFI,Economy Bank,0.23,0.23,0.23,0.23,0.23,0.0,10703093.0,2461711.39,3.0
2026-09-09,BGUC,Gulf Commercial Bank,0.33,0.33,0.33,0.33,0.33,0.0,5520000.0,1821600.0,16.0
2026-09-09,BIBI,Investment Bank of Iraq,0.39,0.39,0.39,0.39,0.4,-2.5,20300000.0,7917000.0,17.0
2026-09-09,BIIB,Iraqi Islamic Bank,0.96,0.96,0.95,0.95,0.96,-1.04,16504615.0,15723382.15,54.0
2026-09-09,BIME,Middle East Bank,0.07,0.08,0.07,0.08,0.07,14.29,56701000.0,3969080.0,15.0
2026-09-09,BKUI,Kurdistan International Bank,1.17,1.17,1.17,1.17,1.3,-10.0,96319.0,112693.23,1.0
2026-09-09,BMNS,Al -Mansour Bank,2.08,2.08,2.04,2.07,2.08,-0.48,646614726.0,1324795965.9,157.0
2026-09-09,BNOI,National Bank of Iraq,3.82,3.82,3.8,3.82,3.82,0.0,5499329.0,20996203.59,53.0
2026-09-09,NAME,Al-Ameen for Insurance,0.86,0.86,0.85,0.85,0.86,-1.16,1847436.0,1570520.6,6.0
2026-09-09,NDSA,Dar Al-Salam for Insurance,0.75,0.75,0.75,0.75,0.7,7.14,1000000.0,750000.0,1.0
2026-09-09,TASC,Asia Cell Telecommunication,15.7,15.7,15.5,15.5,15.69,-1.21,16145197.0,251446278.34,236.0
2026-09-09,TZNI,Al-Khatam Telecom,3.8,3.81,3.8,3.81,3.8,0.26,360153.0,1371081.4,13.0
2026-09-09,SBPT,Baghdad -Iraq Transportation,20.6,20.6,20.25,20.25,20.65,-1.94,527208.0,10808214.0,19.0
2026-09-09,SKTA,Kharkh Tour Amuzement City,4.4,4.4,4.2,4.2,4.4,-4.55,34275.0,146214.0,2.0
2026-09-09,SMOF,Al-Mosul for funfairs,6.73,6.73,6.3,6.4,7.0,-8.57,2960000.0,18811500.0,23.0
2026-09-09,SMRI,Mamoura Realestate ,2.32,2.35,2.2,2.33,2.35,-0.85,2954827.0,6767183.45,33.0
2026-09-09,HKAR,Rehab Karbalaa ,0.5,0.5,0.5,0.5,0.5,0.0,18648.0,9324.0,4.0
2026-09-09,IBSD,Baghdad Soft Drinks,6.18,6.18,6.15,6.17,6.18,-0.16,9994498.0,61587912.25,91.0
2026-09-09,IIDP,Iraqi Date Processing and Marketing,2.1,2.1,2.1,2.1,2.15,-2.33,440680.0,925428.0,6.0
2026-09-09,IITC,Iraqi For Tufted Carpets,23.0,23.0,22.9,22.9,22.0,4.09,97697.0,2237290.55,4.0
2026-09-09,IMAP,Al-Mansour Pharmaceuticals Industries,2.2,2.2,2.2,2.2,2.2,0.0,875000.0,1925000.0,8.0
2026-09-09,IMOS,Modern Sewing,7.06,7.5,7.05,7.5,7.2,4.17,6662100.0,49249156.0,29.0
2026-09-09,HBAG,Baghdad Hotel,12.2,12.2,12.2,12.2,12.25,-0.41,1443591.0,17611810.2,22.0
2026-09-09,HMAN,Mansour Hotel,61.2,61.2,61.1,61.1,61.2,-0.16,36521.0,2232533.1,13.0
2026-09-09,HTVM,Tourist Village of Mosul dam,15.0,15.0,15.0,15.0,13.55,10.7,1428.0,21420.0,1.0
2026-09-09,BINT,International Islamic Bank,0.15,0.15,0.11,0.15,0.12,25.0,2369230.0,269881.22,26.0
2026-09-09,BLAD,Al-Ataa Islamic Bank,0.09,0.09,0.09,0.09,0.09,0.0,99000.0,8910.0,1.0
2026-09-09,BROI,Credit Bank Of Iraq,0.5,0.5,0.49,0.49,0.5,-2.0,8000000.0,3960000.0,15.0
2026-09-09,NHAM,Al-Hamraa for Insurance,5.0,5.0,4.5,4.5,5.0,-10.0,1784830.0,8286165.5,14.0
2026-09-09,IFCM,Fallujah for construction Materials,2.86,2.86,2.86,2.86,2.85,0.35,100000.0,286000.0,2.0
2026-09-09,IHFI,National Furniture Industries,1.15,1.15,1.15,1.15,1.15,0.0,9000.0,10350.0,1.0
2026-09-09,BMFI,Mosul Bank For Investment,0.14,0.14,0.14,0.14,0.13,7.69,1000.0,140.0,1.0
2026-09-09,BSUC,Sumer Commercial Bank,0.21,0.22,0.21,0.22,0.22,0.0,75069000.0,15765180.0,26.0
2026-09-09,BUND,United Bank,0.05,0.05,0.05,0.05,0.05,0.0,159.0,7.95,1.0
2026-09-09,SIGT,General Transportation,1.35,1.35,1.33,1.33,1.35,-1.48,1231398.0,1638171.68,4.0
2026-09-09,IELI,Electronic Industry,1.4,1.4,1.4,1.4,1.37,2.19,750000.0,1050000.0,1.0
2026-09-09,INCP,National Chemical &Plastic,1.83,1.83,1.65,1.65,1.83,-9.84,150546.0,256368.72,5.0
2026-09-09,HISH,Ishtar Hotels,9.44,9.5,9.3,9.3,9.42,-1.27,1460000.0,13692400.0,10.0
2026-09-09,HPAL,Palestine Hotel,20.8,20.8,20.55,20.55,21.0,-2.14,101923.0,2094998.4,2.0
2026-09-09,AISP,Iraqi for Seed Production,5.44,5.44,5.41,5.43,5.43,0.0,13468083.0,72960551.69,74.0
2026-09-09,BWAI,Al-Warka Bank,,0.14,0.14,0.14,,,16000000.0,2240000.0,3.0
2026-09-09,BHAM,Hammurabi Commercial Bank,,,,,,,,,
2026-09-09,BSAN,Al-Sanam Islamic Bank,,,,3.0,,,,,
2026-09-09,FIDI,Iraqi Deposit Insurance Corporation,,,,1.0,,,,,
2026-09-09,FRSE,Rabee Securities,,,,25.0,,,,,
2026-09-09,FKSX,Karmal Brokerage,,,,10.0,,,,,
2026-09-09,FISH,Ishtar Gate for e-Paymant,,,,1.0,,,,,
2026-09-09,FSBE,Sama Baghdad Exchange,,,,,,,,,
2026-09-09,SYAM,Blue Yam General Trading Company,,,,,,,,,
2026-09-09,NBAT,Batek Insurance Company,,,,,,,,,
2026-09-09,NZA,Zain lnsurance Company,,,,,,,,,
2026-09-09,NMAS,Almaseer lnsurance Company,,,,,,,,,
2026-09-09,NDAR,Dar Altheqa Insurance Company,,,,,,,,,
2026-09-09,NSHA,Shatt Al Arab Insurance,,,,1.0,,,,,
2026-09-09,NBAD,Al Badia Insurance,,,,,,,,,
2026-09-09,NKUI,Kurdistan Insurance,,,,0.5,,,,,
2026-09-09,NELF,Elaf Insurance,,,,,,,,,
2026-09-09,NDIL,Dilina Insurance Company,,,,,,,,,
2026-09-09,NGAT,Asia Gate Insurance Company,,,,,,,,,
2026-09-09,NSHQ,Shariq Insurance Company,,,,,,,,,
2026-09-09,NSIA,Asia Insurance Company,,,,,,,,,
2026-09-09,IKFP,Kirkuk producing constructional materials,,,,2.0,,,,,
2026-09-09,BAIB,Asia Al Iraq Islamic Bank for Investment,,,,0.96,,,0.0,,0.0
2026-09-09,BNAI,National Islamic Bank,,,,1.0,,,0.0,,0.0
2026-09-09,BELF,Elaf Islamic Bank,,,,0.32,,,0.0,,0.0
2026-09-09,BCIH,Cihan Bank for Islamic Investment&Finance,,,,1.75,,,0.0,,0.0
2026-09-09,SNUC,AL-Nukhba for Construction,,,,0.69,,,0.0,,0.0
2026-09-09,IMIB,Metallic Industries and Bicycles,,,,1.94,,,0.0,,0.0
2026-09-09,IIEW,Iraqi Engineering Works,,,,5.04,,,0.0,,0.0
2026-09-09,IHLI,Al-Hilal Industries,,,,1.4,,,0.0,,0.0
2026-09-09,IKHC,Al -Khazer Construction Materials,,,,1.19,,,0.0,,0.0
2026-09-09,IKLV,Al-Kindi of Veterinary Vaccines,,,,2.69,,,0.0,,0.0
2026-09-09,IRMC,Ready Made Clothes ,,,,2.25,,,0.0,,0.0
2026-09-09,HBAY,Babylon Hotel,,,,108.0,,,0.0,,0.0
2026-09-09,AIPM,Agricultural Products Meat,,,,4.7,,,0.0,,0.0
2026-09-09,AMEF,Middle East for Production- Fish,,,,5.69,,,0.0,,0.0
2026-09-09,AAHP,Al-Ahlyia agricultural production,,,,2.11,,,0.0,,0.0
2026-09-09,AIRP,Iraqi Agricultural Products ,,,,11.0,,,0.0,,0.0
2026-09-09,BANS,AL-Anssari Islamic Bank,,,,0.05,,,0.0,,0.0
2026-09-09,BQAB,Al-Qabidh Islamic Bank,,,,0.07,,,0.0,,0.0
2026-09-09,BINI,Iraq Noor Islamic Bank for Investment,,,,0.2,,,0.0,,0.0
2026-09-09,BTRI,Trans Iraq Bank Investment,,,,0.27,,,0.0,,0.0
2026-09-09,BAAI,Arab Islamic Bank,,,,1.0,,,0.0,,0.0
2026-09-09,BQUR,Al-Qurtas Islamic Bank,,,,1.0,,,0.0,,0.0
2026-09-09,BMAL,AL- Mal Islamic Bank,,,,1.0,,,0.0,,0.0
2026-09-09,BERI,Erbil Investment & FinanceBank,,,,0.11,,,0.0,,0.0
2026-09-09,BRTB,Region Trade Bank,,,,1.01,,,0.0,,0.0
2026-09-09,BIDB,International Development Bank,,,,1.05,,,0.0,,0.0
2026-09-09,BRAJ,Al-Rajih Islamic Bank,,,,1.0,,,0.0,,0.0
2026-09-09,BMUI,Al-Mustashar Islamic Bank for Investment,,,,1.0,,,0.0,,0.0
2026-09-09,BTRU,Trust International Islamic Bank,,,,0.75,,,0.0,,0.0
2026-09-09,BJAB,Al janoob Islamic Bank,,,,0.94,,,0.0,,0.0
2026-09-09,BAMS,Al-Mashreq Al-Arabi Islamic Bank,,,,0.85,,,0.0,,0.0
2026-09-09,NAHF,Alahliya For Insurance,,,,0.82,,,0.0,,0.0
2026-09-09,VWIF,AL-Wiaam for Financial Investment,,,,0.68,,,0.0,,0.0
2026-09-09,VAMF,Al-Ameen for Financial Investment,,,,1.26,,,0.0,,0.0
2026-09-09,HASH,Ashour Hotel,,,,25.99,,,0.0,,0.0
2026-09-09,SIBD,Ibdaa Al-sharq Alwast General Contracting,,,,1.0,,,0.0,,0.0
2026-09-09,SAEI,Al-Ameen Estate Investment,,,,1.66,,,0.0,,0.0
2026-09-09,IBPM,Baghdad for Packing Materials,,,,3.0,,,0.0,,0.0
2026-09-09,IMCI,Modern chemical industries,,,,100.0,,,0.0,,0.0
2026-09-09,BUOI,Union Bank of Iraq,,,,0.16,,,0.0,,0.0
2026-09-09,BWOR,World Islamic Bank for Investment,,,,1.0,,,0.0,,0.0
2026-09-09,BAME,Ameen Al-Iraq Islamic Bank,,,,1.0,,,0.0,,0.0
2026-09-09,SBAG,AL-Badia for General Trans,,,,1.2,,,0.0,,0.0
2026-09-09,IMCM,Modern Construction Materials,,,,1.35,,,0.0,,0.0
2026-09-09,ITLI,The Light Industries,,,,1.27,,,0.0,,0.0
2026-09-09,IICM,Iraqi Carton Manufactories,,,,1.8,,,0.0,,0.0
2026-09-09,HSAD,Al-Sadeer Hotel,,,,24.0,,,0.0,,0.0
2026-09-09,HNTI,National for Tourist Investment,,,,9.0,,,0.0,,0.0
2026-09-09,ABAP,Babil Animal & Vegetable Production ,,,,8.45,,,0.0,,0.0
2026-09-09,AMAP,Modern for Animal Production,,,,0.34,,,0.0,,0.0
2026-09-10,BASH,Ashur International Bank,0.32,0.32,0.31,0.32,0.32,0.0,6700000.0,2114000.0,4.0
2026-09-10,BBOB,Bank of Baghdad,2.92,2.92,2.85,2.91,2.92,-0.34,29314693.0,85092865.41,126.0
2026-09-10,BCOI,Commercial Islamic Bank of Iraq,0.55,0.56,0.55,0.56,0.55,1.82,4363290.0,2420079.5,10.0
2026-09-10,BEFI,Economy Bank,0.23,0.25,0.23,0.25,0.23,8.7,35747821.0,8562018.83,11.0
2026-09-10,BGUC,Gulf Commercial Bank,0.33,0.33,0.32,0.33,0.33,0.0,162038657.0,53172756.81,30.0
2026-09-10,BIBI,Investment Bank of Iraq,0.39,0.39,0.39,0.39,0.39,0.0,5898686.0,2300487.54,1.0
2026-09-10,BIIB,Iraqi Islamic Bank,0.95,0.95,0.94,0.95,0.95,0.0,13527278.0,12756313.51,28.0
2026-09-10,BIME,Middle East Bank,0.08,0.08,0.07,0.07,0.08,-12.5,2244831.0,158138.17,6.0
2026-09-10,BMNS,Al -Mansour Bank,2.06,2.1,2.06,2.09,2.07,0.97,349080449.0,724872338.78,140.0
2026-09-10,BNAI,National Islamic Bank,1.0,1.0,1.0,1.0,1.0,0.0,104983.0,104983.0,1.0
2026-09-10,BNOI,National Bank of Iraq,3.82,3.89,3.8,3.82,3.82,0.0,3101873366.0,11849190170.81,88.0
2026-09-10,TASC,Asia Cell Telecommunication,15.5,15.5,15.45,15.47,15.5,-0.19,4634157.0,71724657.3,139.0
2026-09-10,NAME,Al-Ameen for Insurance,0.86,0.86,0.86,0.86,0.85,1.18,400000.0,344000.0,2.0
2026-09-10,NDSA,Dar Al-Salam for Insurance,0.75,0.75,0.75,0.75,0.75,0.0,4076.0,3057.0,2.0
2026-09-10,SBPT,Baghdad -Iraq Transportation,20.25,20.26,20.25,20.26,20.25,0.05,120000.0,2430200.0,3.0
2026-09-10,SKTA,Kharkh Tour Amuzement City,4.45,4.52,4.45,4.52,4.2,7.62,260000.0,1157413.42,35.0
2026-09-10,SMOF,Al-Mosul for funfairs,6.4,6.82,6.4,6.54,6.4,2.19,435597.0,2926460.32,4.0
2026-09-10,SMRI,Mamoura Realestate ,2.33,2.33,2.31,2.32,2.33,-0.43,1175000.0,2734850.0,15.0
2026-09-10,HKAR,Rehab Karbalaa ,0.5,0.5,0.5,0.5,0.5,0.0,190854.0,95427.0,2.0
2026-09-10,IBSD,Baghdad Soft Drinks,6.17,6.17,6.0,6.13,6.17,-0.65,3881776.0,23609387.91,86.0
2026-09-10,IIDP,Iraqi Date Processing and Marketing,2.1,2.1,2.1,2.1,2.1,0.0,1666.0,3498.6,1.0
2026-09-10,IITC,Iraqi For Tufted Carpets,22.9,23.0,22.88,22.89,22.9,-0.04,386039.0,8839875.01,11.0
2026-09-10,IKHC,Al -Khazer Construction Materials,1.19,1.19,1.19,1.19,1.19,0.0,20982.0,24968.58,4.0
2026-09-10,IMAP,Al-Mansour Pharmaceuticals Industries,2.2,2.3,2.2,2.23,2.2,1.36,8802506.0,19687845.0,23.0
2026-09-10,IMOS,Modern Sewing,7.5,7.57,7.05,7.5,7.5,0.0,2534891.0,18742032.5,19.0
2026-09-10,IRMC,Ready Made Clothes ,2.18,2.19,2.18,2.19,2.25,-2.67,460000.0,1004900.0,4.0
2026-09-10,HBAG,Baghdad Hotel,12.2,12.21,12.2,12.21,12.2,0.08,7381.0,90099.21,6.0
2026-09-10,HTVM,Tourist Village of Mosul dam,15.0,15.0,14.0,14.0,15.0,-6.67,1000397.0,14005955.0,7.0
2026-09-10,AIPM,Agricultural Products Meat,4.7,4.7,4.7,4.7,4.7,0.0,232572.0,1093088.4,2.0
2026-09-10,BANS,AL-Anssari Islamic Bank,0.05,0.05,0.05,0.05,0.05,0.0,24000000000.0,1200000000.0,1.0
2026-09-10,BINT,International Islamic Bank,0.14,0.14,0.14,0.14,0.15,-6.67,50000.0,7000.0,1.0
2026-09-10,BROI,Credit Bank Of Iraq,0.49,0.5,0.49,0.5,0.49,2.04,19732040.0,9771199.6,32.0
2026-09-10,NAHF,Alahliya For Insurance,0.82,0.82,0.82,0.82,0.82,0.0,300000.0,246000.0,1.0
2026-09-10,NHAM,Al-Hamraa for Insurance,4.5,4.5,4.05,4.05,4.5,-10.0,1396456.0,5681591.8,22.0
2026-09-10,SAEI,Al-Ameen Estate Investment,1.66,1.66,1.55,1.66,1.66,0.0,225500.0,353783.72,12.0
2026-09-10,IHFI,National Furniture Industries,1.15,1.15,1.15,1.15,1.15,0.0,16101.0,18516.15,1.0
2026-09-10,BSUC,Sumer Commercial Bank,0.21,0.22,0.21,0.22,0.22,0.0,151231000.0,31769289.22,20.0
2026-09-10,SBAG,AL-Badia for General Trans,1.2,1.2,1.2,1.2,1.2,0.0,5321.0,6385.2,1.0
2026-09-10,IELI,Electronic Industry,1.4,1.4,1.4,1.4,1.4,0.0,4360.0,6104.0,3.0
2026-09-10,IICM,Iraqi Carton Manufactories,1.8,1.8,1.78,1.79,1.8,-0.56,12831.0,22928.21,3.0
2026-09-10,INCP,National Chemical &Plastic,1.65,1.65,1.65,1.65,1.65,0.0,4652.0,7675.8,2.0
2026-09-10,HISH,Ishtar Hotels,9.3,9.39,9.3,9.39,9.3,0.97,603000.0,5617100.0,11.0
2026-09-10,HPAL,Palestine Hotel,20.6,20.9,20.5,20.9,20.55,1.7,420120.0,8709068.4,11.0
2026-09-10,HSAD,Al-Sadeer Hotel,24.0,24.0,24.0,24.0,24.0,0.0,1120.0,26880.0,2.0
2026-09-10,AISP,Iraqi for Seed Production,5.43,5.43,5.35,5.39,5.43,-0.74,10253500.0,55296448.96,89.0
2026-09-10,BWAI,Al-Warka Bank,,0.15,0.14,0.14,,,19065396.0,2669404.34,10.0
2026-09-10,BHAM,Hammurabi Commercial Bank,,,,,,,,,
2026-09-10,BSAN,Al-Sanam Islamic Bank,,,,3.0,,,,,
2026-09-10,FIDI,Iraqi Deposit Insurance Corporation,,,,1.0,,,,,
2026-09-10,FRSE,Rabee Securities,,,,25.0,,,,,
2026-09-10,FKSX,Karmal Brokerage,,,,10.0,,,,,
2026-09-10,FISH,Ishtar Gate for e-Paymant,,,,1.0,,,,,
2026-09-10,FSBE,Sama Baghdad Exchange,,,,,,,,,
2026-09-10,SYAM,Blue Yam General Trading Company,,,,,,,,,
2026-09-10,NBAT,Batek Insurance Company,,,,,,,,,
2026-09-10,NZA,Zain lnsurance Company,,,,,,,,,
2026-09-10,NMAS,Almaseer lnsurance Company,,,,,,,,,
2026-09-10,NDAR,Dar Altheqa Insurance Company,,,,,,,,,
2026-09-10,NSHA,Shatt Al Arab Insurance,,,,1.0,,,,,
2026-09-10,NBAD,Al Badia Insurance,,,,,,,,,
2026-09-10,NKUI,Kurdistan Insurance,,,,0.5,,,,,
2026-09-10,NELF,Elaf Insurance,,,,,,,,,
2026-09-10,NDIL,Dilina Insurance Company,,,,,,,,,
2026-09-10,NGAT,Asia Gate Insurance Company,,,,,,,,,
2026-09-10,NSHQ,Shariq Insurance Company,,,,,,,,,
2026-09-10,NSIA,Asia Insurance Company,,,,,,,,,
2026-09-10,IKFP,Kirkuk producing constructional materials,,,,2.0,,,,,
2026-09-10,BAIB,Asia Al Iraq Islamic Bank for Investment,,,,0.96,,,0.0,,0.0
2026-09-10,BKUI,Kurdistan International Bank,,,,1.17,,,0.0,,0.0
2026-09-10,BELF,Elaf Islamic Bank,,,,0.32,,,0.0,,0.0
2026-09-10,BCIH,Cihan Bank for Islamic Investment&Finance,,,,1.75,,,0.0,,0.0
2026-09-10,TZNI,Al-Khatam Telecom,,,,3.81,,,0.0,,0.0
2026-09-10,SNUC,AL-Nukhba for Construction,,,,0.69,,,0.0,,0.0
2026-09-10,IMIB,Metallic Industries and Bicycles,,,,1.94,,,0.0,,0.0
2026-09-10,IIEW,Iraqi Engineering Works,,,,5.04,,,0.0,,0.0
2026-09-10,IHLI,Al-Hilal Industries,,,,1.4,,,0.0,,0.0
2026-09-10,IKLV,Al-Kindi of Veterinary Vaccines,,,,2.69,,,0.0,,0.0
2026-09-10,HMAN,Mansour Hotel,,,,61.1,,,0.0,,0.0
2026-09-10,HBAY,Babylon Hotel,,,,108.0,,,0.0,,0.0
2026-09-10,AMEF,Middle East for Production- Fish,,,,5.69,,,0.0,,0.0
2026-09-10,AAHP,Al-Ahlyia agricultural production,,,,2.11,,,0.0,,0.0
2026-09-10,AIRP,Iraqi Agricultural Products ,,,,11.0,,,0.0,,0.0
2026-09-10,BLAD,Al-Ataa Islamic Bank,,,,0.09,,,0.0,,0.0
2026-09-10,BQAB,Al-Qabidh Islamic Bank,,,,0.07,,,0.0,,0.0
2026-09-10,BINI,Iraq Noor Islamic Bank for Investment,,,,0.2,,,0.0,,0.0
2026-09-10,BTRI,Trans Iraq Bank Investment,,,,0.27,,,0.0,,0.0
2026-09-10,BAAI,Arab Islamic Bank,,,,1.0,,,0.0,,0.0
2026-09-10,BQUR,Al-Qurtas Islamic Bank,,,,1.0,,,0.0,,0.0
2026-09-10,BMAL,AL- Mal Islamic Bank,,,,1.0,,,0.0,,0.0
2026-09-10,BERI,Erbil Investment & FinanceBank,,,,0.11,,,0.0,,0.0
2026-09-10,BRTB,Region Trade Bank,,,,1.01,,,0.0,,0.0
2026-09-10,BIDB,International Development Bank,,,,1.05,,,0.0,,0.0
2026-09-10,BRAJ,Al-Rajih Islamic Bank,,,,1.0,,,0.0,,0.0
2026-09-10,BMUI,Al-Mustashar Islamic Bank for Investment,,,,1.0,,,0.0,,0.0
2026-09-10,BTRU,Trust International Islamic Bank,,,,0.75,,,0.0,,0.0
2026-09-10,BJAB,Al janoob Islamic Bank,,,,0.94,,,0.0,,0.0
2026-09-10,BAMS,Al-Mashreq Al-Arabi Islamic Bank,,,,0.85,,,0.0,,0.0
2026-09-10,VWIF,AL-Wiaam for Financial Investment,,,,0.68,,,0.0,,0.0
2026-09-10,VAMF,Al-Ameen for Financial Investment,,,,1.26,,,0.0,,0.0
2026-09-10,HASH,Ashour Hotel,,,,25.99,,,0.0,,0.0
2026-09-10,SIBD,Ibdaa Al-sharq Alwast General Contracting,,,,1.0,,,0.0,,0.0
2026-09-10,IFCM,Fallujah for construction Materials,,,,2.86,,,0.0,,0.0
2026-09-10,IBPM,Baghdad for Packing Materials,,,,3.0,,,0.0,,0.0
2026-09-10,IMCI,Modern chemical industries,,,,100.0,,,0.0,,0.0
2026-09-10,BMFI,Mosul Bank For Investment,,,,0.14,,,0.0,,0.0
2026-09-10,BUND,United Bank,,,,0.05,,,0.0,,0.0
2026-09-10,BUOI,Union Bank of Iraq,,,,0.16,,,0.0,,0.0
2026-09-10,BWOR,World Islamic Bank for Investment,,,,1.0,,,0.0,,0.0
2026-09-10,BAME,Ameen Al-Iraq Islamic Bank,,,,1.0,,,0.0,,0.0
2026-09-10,SIGT,General Transportation,,,,1.33,,,0.0,,0.0
2026-09-10,IMCM,Modern Construction Materials,,,,1.35,,,0.0,,0.0
2026-09-10,ITLI,The Light Industries,,,,1.27,,,0.0,,0.0
2026-09-10,HNTI,National for Tourist Investment,,,,9.0,,,0.0,,0.0
2026-09-10,ABAP,Babil Animal & Vegetable Production ,,,,8.45,,,0.0,,0.0
2026-09-10,AMAP,Modern for Animal Production,,,,0.34,,,0.0,,0.0
2026-09-13,BASH,Ashur International Bank,0.31,0.31,0.31,0.31,0.32,-3.12,15750000.0,4882500.0,2.0
2026-09-13,BBOB,Bank of Baghdad,2.99,2.99,2.9,2.9,2.91,-0.34,11405510.0,33094006.82,40.0
2026-09-13,BCOI,Commercial Islamic Bank of Iraq,0.56,0.56,0.56,0.56,0.56,0.0,275000.0,154000.0,3.0
2026-09-13,BIBI,Investment Bank of Iraq,0.39,0.39,0.39,0.39,0.39,0.0,2040000.0,795600.0,4.0
2026-09-13,BIIB,Iraqi Islamic Bank,0.96,0.96,0.96,0.96,0.95,1.05,6366797.0,6112125.12,22.0
2026-09-13,BIME,Middle East Bank,0.07,0.07,0.07,0.07,0.07,0.0,8165501.0,571585.07,4.0
2026-09-13,BKUI,Kurdistan International Bank,1.06,1.06,1.06,1.06,1.17,-9.4,25000.0,26500.0,1.0
2026-09-13,BMNS,Al -Mansour Bank,2.09,2.09,2.07,2.07,2.09,-0.96,41862182.0,86769637.42,89.0
2026-09-13,BNOI,National Bank of Iraq,3.82,3.83,3.8,3.82,3.82,0.0,3984750.0,15194979.3,37.0
2026-09-13,TASC,Asia Cell Telecommunication,15.47,16.0,15.47,15.57,15.47,0.65,2354177.0,36777451.0,105.0
2026-09-13,TZNI,Al-Khatam Telecom,3.81,3.89,3.81,3.84,3.81,0.79,107837.0,413475.51,26.0
2026-09-13,NAME,Al-Ameen for Insurance,0.86,0.86,0.86,0.86,0.86,0.0,6588.0,5665.68,2.0
2026-09-13,SBPT,Baghdad -Iraq Transportation,20.25,20.5,20.0,20.05,20.26,-1.04,950000.0,19050676.5,24.0
2026-09-13,SKTA,Kharkh Tour Amuzement City,4.52,4.52,4.52,4.52,4.52,0.0,439.0,1984.28,1.0
2026-09-13,SMOF,Al-Mosul for funfairs,6.47,6.47,6.46,6.46,6.54,-1.22,350000.0,2262500.0,2.0
2026-09-13,SMRI,Mamoura Realestate ,2.32,2.32,2.2,2.21,2.32,-4.74,1426708.0,3214253.55,15.0
2026-09-13,HKAR,Rehab Karbalaa ,0.5,0.5,0.5,0.5,0.5,0.0,1143.0,571.5,1.0
2026-09-13,IBSD,Baghdad Soft Drinks,6.13,6.13,6.01,6.1,6.13,-0.49,2387539.0,14502282.69,62.0
2026-09-13,IIDP,Iraqi Date Processing and Marketing,2.1,2.1,2.1,2.1,2.1,0.0,16993.0,35685.3,1.0
2026-09-13,IKHC,Al -Khazer Construction Materials,1.19,1.19,1.19,1.19,1.19,0.0,40095.0,47713.05,2.0
2026-09-13,IMAP,Al-Mansour Pharmaceuticals Industries,2.23,2.23,2.22,2.22,2.23,-0.45,2948508.0,6574882.76,14.0
2026-09-13,IMOS,Modern Sewing,7.13,7.22,7.13,7.22,7.5,-3.73,751418.0,5362209.6,3.0
2026-09-13,IRMC,Ready Made Clothes ,2.19,2.19,2.19,2.19,2.19,0.0,9634.0,21098.46,1.0
2026-09-13,HBAG,Baghdad Hotel,12.24,12.24,12.24,12.24,12.21,0.25,64000.0,783360.0,3.0
2026-09-13,HBAY,Babylon Hotel,108.0,108.0,108.0,108.0,108.0,0.0,168.0,18144.0,1.0
2026-09-13,HMAN,Mansour Hotel,60.0,60.0,60.0,60.0,61.1,-1.8,19397.0,1163820.0,7.0
2026-09-13,HTVM,Tourist Village of Mosul dam,13.0,13.0,13.0,13.0,14.0,-7.14,900000.0,11700000.0,4.0
2026-09-13,BINT,International Islamic Bank,0.13,0.13,0.13,0.13,0.14,-7.14,2300000.0,299000.0,8.0
2026-09-13,BQUR,Al-Qurtas Islamic Bank,1.02,1.04,1.02,1.04,1.0,4.0,500000.0,516000.0,10.0
2026-09-13,BROI,Credit Bank Of Iraq,0.5,0.5,0.5,0.5,0.5,0.0,2304810.0,1152405.0,7.0
2026-09-13,BTRI,Trans Iraq Bank Investment,0.25,0.25,0.25,0.25,0.27,-7.41,5892.0,1473.0,2.0
2026-09-13,NAHF,Alahliya For Insurance,0.82,0.82,0.82,0.82,0.82,0.0,15182.0,12449.24,1.0
2026-09-13,NHAM,Al-Hamraa for Insurance,4.0,4.0,4.0,4.0,4.05,-1.23,535832.0,2143328.0,8.0
2026-09-13,BMFI,Mosul Bank For Investment,0.13,0.13,0.13,0.13,0.14,-7.14,10000000.0,1300000.0,11.0
2026-09-13,BSUC,Sumer Commercial Bank,0.22,0.22,0.2,0.21,0.22,-4.55,10050513.0,2060612.86,4.0
2026-09-13,BUND,United Bank,0.05,0.05,0.05,0.05,0.05,0.0,2206.0,110.3,2.0
2026-09-13,IELI,Electronic Industry,1.4,1.4,1.4,1.4,1.4,0.0,250000.0,350000.0,1.0
2026-09-13,IICM,Iraqi Carton Manufactories,1.79,1.79,1.79,1.79,1.79,0.0,2776.0,4969.04,1.0
2026-09-13,IMCM,Modern Construction Materials,1.34,1.34,1.34,1.34,1.35,-0.74,74695.0,100091.3,1.0
2026-09-13,ITLI,The Light Industries,1.25,1.25,1.25,1.25,1.27,-1.57,829652.0,1037065.0,1.0
2026-09-13,HISH,Ishtar Hotels,9.39,9.39,9.35,9.35,9.39,-0.43,350277.0,3276103.15,6.0
2026-09-13,HPAL,Palestine Hotel,20.9,20.9,20.5,20.72,20.9,-0.86,269150.0,5590980.64,10.0
2026-09-13,ABAP,Babil Animal & Vegetable Production ,8.4,8.4,8.4,8.4,8.45,-0.59,1176.0,9878.4,1.0
2026-09-13,AISP,Iraqi for Seed Production,5.37,5.45,5.3,5.34,5.39,-0.93,17396241.0,92909965.23,120.0
2026-09-13,AMAP,Modern for Animal Production,0.34,0.34,0.34,0.34,0.34,0.0,5116.0,1739.44,1.0
2026-09-13,BWAI,Al-Warka Bank,,0.14,0.13,0.13,,,74314180.0,9903985.2,20.0
2026-09-13,BHAM,Hammurabi Commercial Bank,,,,,,,,,
2026-09-13,BSAN,Al-Sanam Islamic Bank,,,,3.0,,,,,
2026-09-13,FIDI,Iraqi Deposit Insurance Corporation,,,,1.0,,,,,
2026-09-13,FRSE,Rabee Securities,,,,25.0,,,,,
2026-09-13,FKSX,Karmal Brokerage,,,,10.0,,,,,
2026-09-13,FISH,Ishtar Gate for e-Paymant,,,,1.0,,,,,
2026-09-13,FSBE,Sama Baghdad Exchange,,,,,,,,,
2026-09-13,SYAM,Blue Yam General Trading Company,,,,,,,,,
2026-09-13,NBAT,Batek Insurance Company,,,,,,,,,
2026-09-13,NZA,Zain lnsurance Company,,,,,,,,,
2026-09-13,NMAS,Almaseer lnsurance Company,,,,,,,,,
2026-09-13,NDAR,Dar Altheqa Insurance Company,,,,,,,,,
2026-09-13,NSHA,Shatt Al Arab Insurance,,,,1.0,,,,,
2026-09-13,NBAD,Al Badia Insurance,,,,,,,,,
2026-09-13,NKUI,Kurdistan Insurance,,,,0.5,,,,,
2026-09-13,NELF,Elaf Insurance,,,,,,,,,
2026-09-13,NDIL,Dilina Insurance Company,,,,,,,,,
2026-09-13,NGAT,Asia Gate Insurance Company,,,,,,,,,
2026-09-13,NSHQ,Shariq Insurance Company,,,,,,,,,
2026-09-13,NSIA,Asia Insurance Company,,,,,,,,,
2026-09-13,IKFP,Kirkuk producing constructional materials,,,,2.0,,,,,
2026-09-13,BEFI,Economy Bank,,,,0.25,,,0.0,,0.0
2026-09-13,BGUC,Gulf Commercial Bank,,,,0.33,,,0.0,,0.0
2026-09-13,BAIB,Asia Al Iraq Islamic Bank for Investment,,,,0.96,,,0.0,,0.0
2026-09-13,BNAI,National Islamic Bank,,,,1.0,,,0.0,,0.0
2026-09-13,BELF,Elaf Islamic Bank,,,,0.32,,,0.0,,0.0
2026-09-13,BCIH,Cihan Bank for Islamic Investment&Finance,,,,1.75,,,0.0,,0.0
2026-09-13,NDSA,Dar Al-Salam for Insurance,,,,0.75,,,0.0,,0.0
2026-09-13,SNUC,AL-Nukhba for Construction,,,,0.69,,,0.0,,0.0
2026-09-13,IMIB,Metallic Industries and Bicycles,,,,1.94,,,0.0,,0.0
2026-09-13,IIEW,Iraqi Engineering Works,,,,5.04,,,0.0,,0.0
2026-09-13,IHLI,Al-Hilal Industries,,,,1.4,,,0.0,,0.0
2026-09-13,IKLV,Al-Kindi of Veterinary Vaccines,,,,2.69,,,0.0,,0.0
2026-09-13,AIPM,Agricultural Products Meat,,,,4.7,,,0.0,,0.0
2026-09-13,AMEF,Middle East for Production- Fish,,,,5.69,,,0.0,,0.0
2026-09-13,AAHP,Al-Ahlyia agricultural production,,,,2.11,,,0.0,,0.0
2026-09-13,AIRP,Iraqi Agricultural Products ,,,,11.0,,,0.0,,0.0
2026-09-13,BLAD,Al-Ataa Islamic Bank,,,,0.09,,,0.0,,0.0
2026-09-13,BQAB,Al-Qabidh Islamic Bank,,,,0.07,,,0.0,,0.0
2026-09-13,BINI,Iraq Noor Islamic Bank for Investment,,,,0.2,,,0.0,,0.0
2026-09-13,BAAI,Arab Islamic Bank,,,,1.0,,,0.0,,0.0
2026-09-13,BANS,AL-Anssari Islamic Bank,,,,0.05,,,0.0,,0.0
2026-09-13,BMAL,AL- Mal Islamic Bank,,,,1.0,,,0.0,,0.0
2026-09-13,BERI,Erbil Investment & FinanceBank,,,,0.11,,,0.0,,0.0
2026-09-13,BRTB,Region Trade Bank,,,,1.01,,,0.0,,0.0
2026-09-13,BIDB,International Development Bank,,,,1.05,,,0.0,,0.0
2026-09-13,BRAJ,Al-Rajih Islamic Bank,,,,1.0,,,0.0,,0.0
2026-09-13,BMUI,Al-Mustashar Islamic Bank for Investment,,,,1.0,,,0.0,,0.0
2026-09-13,BTRU,Trust International Islamic Bank,,,,0.75,,,0.0,,0.0
2026-09-13,BJAB,Al janoob Islamic Bank,,,,0.94,,,0.0,,0.0
2026-09-13,BAMS,Al-Mashreq Al-Arabi Islamic Bank,,,,0.85,,,0.0,,0.0
2026-09-13,VWIF,AL-Wiaam for Financial Investment,,,,0.68,,,0.0,,0.0
2026-09-13,VAMF,Al-Ameen for Financial Investment,,,,1.26,,,0.0,,0.0
2026-09-13,HASH,Ashour Hotel,,,,25.99,,,0.0,,0.0
2026-09-13,SAEI,Al-Ameen Estate Investment,,,,1.66,,,0.0,,0.0
2026-09-13,SIBD,Ibdaa Al-sharq Alwast General Contracting,,,,1.0,,,0.0,,0.0
2026-09-13,IFCM,Fallujah for construction Materials,,,,2.86,,,0.0,,0.0
2026-09-13,IHFI,National Furniture Industries,,,,1.15,,,0.0,,0.0
2026-09-13,IBPM,Baghdad for Packing Materials,,,,3.0,,,0.0,,0.0
2026-09-13,IMCI,Modern chemical industries,,,,100.0,,,0.0,,0.0
2026-09-13,BUOI,Union Bank of Iraq,,,,0.16,,,0.0,,0.0
2026-09-13,BWOR,World Islamic Bank for Investment,,,,1.0,,,0.0,,0.0
2026-09-13,BAME,Ameen Al-Iraq Islamic Bank,,,,1.0,,,0.0,,0.0
2026-09-13,SBAG,AL-Badia for General Trans,,,,1.2,,,0.0,,0.0
2026-09-13,SIGT,General Transportation,,,,1.33,,,0.0,,0.0
2026-09-13,INCP,National Chemical &Plastic,,,,1.65,,,0.0,,0.0
2026-09-13,HNTI,National for Tourist Investment,,,,9.0,,,0.0,,0.0
2026-09-13,HSAD,Al-Sadeer Hotel,,,,24.0,,,0.0,,0.0
2026-09-14,BASH,Ashur International Bank,0.31,0.31,0.31,0.31,0.31,0.0,119283.0,36977.73,1.0
2026-09-14,BBOB,Bank of Baghdad,2.9,2.91,2.86,2.89,2.9,-0.34,5387371.0,15566561.11,42.0
2026-09-14,BCOI,Commercial Islamic Bank of Iraq,0.56,0.56,0.55,0.55,0.56,-1.79,4558488.0,2514668.4,15.0
2026-09-14,BEFI,Economy Bank,0.24,0.24,0.24,0.24,0.25,-4.0,10000000.0,2400000.0,2.0
2026-09-14,BGUC,Gulf Commercial Bank,0.33,0.33,0.33,0.33,0.33,0.0,16008150.0,5282689.5,10.0
2026-09-14,BIBI,Investment Bank of Iraq,0.39,0.39,0.39,0.39,0.39,0.0,19186812.0,7482856.68,7.0
2026-09-14,BIIB,Iraqi Islamic Bank,0.96,0.96,0.95,0.95,0.96,-1.04,5369093.0,5106641.05,17.0
2026-09-14,BIME,Middle East Bank,0.06,0.06,0.06,0.06,0.07,-14.29,6000000.0,360000.0,4.0
2026-09-14,BMNS,Al -Mansour Bank,2.07,2.08,2.07,2.07,2.07,0.0,169877610.0,351897619.06,102.0
2026-09-14,BNOI,National Bank of Iraq,3.82,3.82,3.77,3.79,3.82,-0.79,7072405.0,26745625.45,76.0
2026-09-14,TASC,Asia Cell Telecommunication,15.57,15.7,15.57,15.66,15.57,0.58,3156856.0,49409645.0,56.0
2026-09-14,TZNI,Al-Khatam Telecom,3.85,3.85,3.81,3.83,3.84,-0.26,160270.0,615276.8,7.0
2026-09-14,NAME,Al-Ameen for Insurance,0.89,0.89,0.89,0.89,0.86,3.49,49569.0,44116.41,11.0
2026-09-14,NDSA,Dar Al-Salam for Insurance,0.73,0.73,0.73,0.73,0.75,-2.67,455000.0,332150.0,2.0
2026-09-14,SBPT,Baghdad -Iraq Transportation,20.05,21.0,20.05,20.13,20.05,0.4,238885.0,4858655.65,8.0
2026-09-14,SMRI,Mamoura Realestate ,2.21,2.3,2.05,2.23,2.21,0.9,803673.0,1771056.54,32.0
2026-09-14,HKAR,Rehab Karbalaa ,0.5,0.5,0.5,0.5,0.5,0.0,172.0,86.0,1.0
2026-09-14,IBSD,Baghdad Soft Drinks,6.1,6.1,6.09,6.09,6.1,-0.16,5165333.0,31485179.12,59.0
2026-09-14,IKHC,Al -Khazer Construction Materials,1.12,1.12,1.11,1.12,1.19,-5.88,357011.0,399633.23,6.0
2026-09-14,IMAP,Al-Mansour Pharmaceuticals Industries,2.22,2.22,2.22,2.22,2.22,0.0,121740.0,270262.8,5.0
2026-09-14,IMOS,Modern Sewing,7.2,7.75,7.13,7.65,7.22,5.96,6483122.0,48552664.01,64.0
2026-09-14,IRMC,Ready Made Clothes ,2.25,2.25,2.25,2.25,2.19,2.74,103100.0,231975.0,2.0
2026-09-14,HBAG,Baghdad Hotel,12.25,12.25,12.25,12.25,12.24,0.08,156459.0,1916622.75,5.0
2026-09-14,HMAN,Mansour Hotel,59.99,60.0,59.0,60.0,60.0,0.0,15574.0,930126.0,4.0
2026-09-14,HTVM,Tourist Village of Mosul dam,13.0,13.0,12.55,12.55,13.0,-3.46,581341.0,7552933.0,6.0
2026-09-14,BANS,AL-Anssari Islamic Bank,0.05,0.05,0.05,0.05,0.05,0.0,24950000000.0,1247500000.0,1.0
2026-09-14,BINT,International Islamic Bank,0.12,0.12,0.12,0.12,0.13,-7.69,1095500.0,131460.0,5.0
2026-09-14,BROI,Credit Bank Of Iraq,0.49,0.49,0.49,0.49,0.5,-2.0,6100000.0,2989000.0,5.0
2026-09-14,NHAM,Al-Hamraa for Insurance,4.0,4.1,4.0,4.1,4.0,2.5,100766142.0,403065625.1,8.0
2026-09-14,SAEI,Al-Ameen Estate Investment,1.56,1.66,1.53,1.66,1.66,0.0,42914.0,67149.58,4.0
2026-09-14,IFCM,Fallujah for construction Materials,2.88,2.89,2.88,2.88,2.86,0.7,410000.0,1183300.0,9.0
2026-09-14,BMFI,Mosul Bank For Investment,0.13,0.13,0.12,0.12,0.13,-7.69,14866752.0,1852677.76,17.0
2026-09-14,BSUC,Sumer Commercial Bank,0.2,0.21,0.2,0.21,0.21,0.0,10050950.0,2110190.0,4.0
2026-09-14,BUND,United Bank,0.05,0.05,0.05,0.05,0.05,0.0,5000000.0,250000.0,10.0
2026-09-14,SBAG,AL-Badia for General Trans,1.2,1.2,1.2,1.2,1.2,0.0,7978.0,9573.6,1.0
2026-09-14,SIGT,General Transportation,1.33,1.33,1.33,1.33,1.33,0.0,9428.0,12539.24,2.0
2026-09-14,IELI,Electronic Industry,1.37,1.37,1.37,1.37,1.4,-2.14,50455.0,69123.35,2.0
2026-09-14,IICM,Iraqi Carton Manufactories,1.78,1.78,1.78,1.78,1.79,-0.56,42085.0,74911.3,3.0
2026-09-14,INCP,National Chemical &Plastic,1.75,1.8,1.75,1.8,1.65,9.09,82170.0,143856.0,2.0
2026-09-14,ITLI,The Light Industries,1.27,1.27,1.26,1.26,1.25,0.8,105000.0,132350.0,2.0
2026-09-14,HISH,Ishtar Hotels,9.33,9.33,9.33,9.33,9.35,-0.21,100000.0,933000.0,2.0
2026-09-14,HNTI,National for Tourist Investment,9.5,9.5,9.5,9.5,9.0,5.56,10000.0,95000.0,1.0
2026-09-14,HPAL,Palestine Hotel,20.75,20.99,20.6,20.94,20.72,1.06,513961.0,10668008.55,29.0
2026-09-14,AISP,Iraqi for Seed Production,5.34,5.34,5.3,5.31,5.34,-0.56,15688661.0,83486823.54,121.0
2026-09-14,BWAI,Al-Warka Bank,,0.13,0.13,0.13,,,20000000.0,2600000.0,3.0
2026-09-14,BHAM,Hammurabi Commercial Bank,,,,,,,,,
2026-09-14,BSAN,Al-Sanam Islamic Bank,,,,3.0,,,,,
2026-09-14,FIDI,Iraqi Deposit Insurance Corporation,,,,1.0,,,,,
2026-09-14,FRSE,Rabee Securities,,,,25.0,,,,,
2026-09-14,FKSX,Karmal Brokerage,,,,10.0,,,,,
2026-09-14,FISH,Ishtar Gate for e-Paymant,,,,1.0,,,,,
2026-09-14,FSBE,Sama Baghdad Exchange,,,,,,,,,
2026-09-14,SYAM,Blue Yam General Trading Company,,,,,,,,,
2026-09-14,NBAT,Batek Insurance Company,,,,,,,,,
2026-09-14,NZA,Zain lnsurance Company,,,,,,,,,
2026-09-14,NMAS,Almaseer lnsurance Company,,,,,,,,,
2026-09-14,NDAR,Dar Altheqa Insurance Company,,,,,,,,,
2026-09-14,NSHA,Shatt Al Arab Insurance,,,,1.0,,,,,
2026-09-14,NBAD,Al Badia Insurance,,,,,,,,,
2026-09-14,NKUI,Kurdistan Insurance,,,,0.5,,,,,
2026-09-14,NELF,Elaf Insurance,,,,,,,,,
2026-09-14,NDIL,Dilina Insurance Company,,,,,,,,,
2026-09-14,NGAT,Asia Gate Insurance Company,,,,,,,,,
2026-09-14,NSHQ,Shariq Insurance Company,,,,,,,,,
2026-09-14,NSIA,Asia Insurance Company,,,,,,,,,
2026-09-14,IKFP,Kirkuk producing constructional materials,,,,2.0,,,,,
2026-09-14,BKUI,Kurdistan International Bank,,,,1.06,,,0.0,,0.0
2026-09-14,BNAI,National Islamic Bank,,,,1.0,,,0.0,,0.0
2026-09-14,BELF,Elaf Islamic Bank,,,,0.32,,,0.0,,0.0
2026-09-14,BCIH,Cihan Bank for Islamic Investment&Finance,,,,1.75,,,0.0,,0.0
2026-09-14,SKTA,Kharkh Tour Amuzement City,,,,4.52,,,0.0,,0.0
2026-09-14,SMOF,Al-Mosul for funfairs,,,,6.46,,,0.0,,0.0
2026-09-14,SNUC,AL-Nukhba for Construction,,,,0.69,,,0.0,,0.0
2026-09-14,IIDP,Iraqi Date Processing and Marketing,,,,2.1,,,0.0,,0.0
2026-09-14,IMIB,Metallic Industries and Bicycles,,,,1.94,,,0.0,,0.0
2026-09-14,IIEW,Iraqi Engineering Works,,,,5.04,,,0.0,,0.0
2026-09-14,IHLI,Al-Hilal Industries,,,,1.4,,,0.0,,0.0
2026-09-14,IKLV,Al-Kindi of Veterinary Vaccines,,,,2.69,,,0.0,,0.0
2026-09-14,HBAY,Babylon Hotel,,,,108.0,,,0.0,,0.0
2026-09-14,AIPM,Agricultural Products Meat,,,,4.7,,,0.0,,0.0
2026-09-14,AMEF,Middle East for Production- Fish,,,,5.69,,,0.0,,0.0
2026-09-14,AAHP,Al-Ahlyia agricultural production,,,,2.11,,,0.0,,0.0
2026-09-14,AIRP,Iraqi Agricultural Products ,,,,11.0,,,0.0,,0.0
2026-09-14,BQUR,Al-Qurtas Islamic Bank,,,,1.04,,,0.0,,0.0
2026-09-14,BTRI,Trans Iraq Bank Investment,,,,0.25,,,0.0,,0.0
2026-09-14,BLAD,Al-Ataa Islamic Bank,,,,0.09,,,0.0,,0.0
2026-09-14,BQAB,Al-Qabidh Islamic Bank,,,,0.07,,,0.0,,0.0
2026-09-14,BINI,Iraq Noor Islamic Bank for Investment,,,,0.2,,,0.0,,0.0
2026-09-14,BAAI,Arab Islamic Bank,,,,1.0,,,0.0,,0.0
2026-09-14,BMAL,AL- Mal Islamic Bank,,,,1.0,,,0.0,,0.0
2026-09-14,BERI,Erbil Investment & FinanceBank,,,,0.11,,,0.0,,0.0
2026-09-14,BRTB,Region Trade Bank,,,,1.01,,,0.0,,0.0
2026-09-14,BIDB,International Development Bank,,,,1.05,,,0.0,,0.0
2026-09-14,BRAJ,Al-Rajih Islamic Bank,,,,1.0,,,0.0,,0.0
2026-09-14,BMUI,Al-Mustashar Islamic Bank for Investment,,,,1.0,,,0.0,,0.0
2026-09-14,BTRU,Trust International Islamic Bank,,,,0.75,,,0.0,,0.0
2026-09-14,BJAB,Al janoob Islamic Bank,,,,0.94,,,0.0,,0.0
2026-09-14,BAMS,Al-Mashreq Al-Arabi Islamic Bank,,,,0.85,,,0.0,,0.0
2026-09-14,VWIF,AL-Wiaam for Financial Investment,,,,0.68,,,0.0,,0.0
2026-09-14,VAMF,Al-Ameen for Financial Investment,,,,1.26,,,0.0,,0.0
2026-09-14,NAHF,Alahliya For Insurance,,,,0.82,,,0.0,,0.0
2026-09-14,HASH,Ashour Hotel,,,,25.99,,,0.0,,0.0
2026-09-14,SIBD,Ibdaa Al-sharq Alwast General Contracting,,,,1.0,,,0.0,,0.0
2026-09-14,IHFI,National Furniture Industries,,,,1.15,,,0.0,,0.0
2026-09-14,IBPM,Baghdad for Packing Materials,,,,3.0,,,0.0,,0.0
2026-09-14,IMCI,Modern chemical industries,,,,100.0,,,0.0,,0.0
2026-09-14,BUOI,Union Bank of Iraq,,,,0.16,,,0.0,,0.0
2026-09-14,BWOR,World Islamic Bank for Investment,,,,1.0,,,0.0,,0.0
2026-09-14,BAME,Ameen Al-Iraq Islamic Bank,,,,1.0,,,0.0,,0.0
2026-09-14,IMCM,Modern Construction Materials,,,,1.34,,,0.0,,0.0
2026-09-14,HSAD,Al-Sadeer Hotel,,,,24.0,,,0.0,,0.0
2026-09-14,ABAP,Babil Animal & Vegetable Production ,,,,8.4,,,0.0,,0.0
2026-09-14,AMAP,Modern for Animal Production,,,,0.34,,,0.0,,0.0
2026-09-15,BASH,Ashur International Bank,0.31,0.31,0.31,0.31,0.31,0.0,2008016.0,622484.96,3.0
2026-09-15,BBOB,Bank of Baghdad,2.89,2.9,2.88,2.9,2.89,0.35,49179332.0,142454827.78,63.0
2026-09-15,BCOI,Commercial Islamic Bank of Iraq,0.55,0.55,0.55,0.55,0.55,0.0,7774793.0,4276136.15,6.0
2026-09-15,BGUC,Gulf Commercial Bank,0.33,0.33,0.32,0.32,0.33,-3.03,116516180.0,37285328.21,23.0
2026-09-15,BIBI,Investment Bank of Iraq,0.39,0.39,0.39,0.39,0.39,0.0,10011000.0,3904290.0,9.0
2026-09-15,BIIB,Iraqi Islamic Bank,0.95,0.95,0.94,0.95,0.95,0.0,5302912.0,4995240.12,18.0
2026-09-15,BIME,Middle East Bank,0.07,0.07,0.07,0.07,0.06,16.67,13410000.0,938700.0,10.0
2026-09-15,BMNS,Al -Mansour Bank,2.07,2.08,2.06,2.07,2.07,0.0,132823629.0,274857628.24,116.0
2026-09-15,BNOI,National Bank of Iraq,3.79,3.79,3.72,3.73,3.79,-1.58,4267286.0,15996445.69,82.0
2026-09-15,TASC,Asia Cell Telecommunication,15.66,15.7,15.62,15.7,15.66,0.26,3826023.0,59912389.08,64.0
2026-09-15,TZNI,Al-Khatam Telecom,3.83,3.83,3.72,3.8,3.83,-0.78,895006.0,3392852.2,12.0
2026-09-15,NAME,Al-Ameen for Insurance,0.86,0.86,0.86,0.86,0.89,-3.37,1533221.0,1318570.06,3.0
2026-09-15,NDSA,Dar Al-Salam for Insurance,0.73,0.73,0.73,0.73,0.73,,595890.0,434999.7,3.0
2026-09-15,SBPT,Baghdad -Iraq Transportation,20.13,20.13,20.0,20.13,20.13,0.0,975354.0,19552493.0,30.0
2026-09-15,SMRI,Mamoura Realestate ,2.24,2.3,2.24,2.3,2.23,3.14,885307.0,2025087.68,11.0
2026-09-15,IBSD,Baghdad Soft Drinks,6.09,6.09,6.07,6.08,6.09,-0.16,2200723.0,13378941.38,41.0
2026-09-15,IIDP,Iraqi Date Processing and Marketing,2.09,2.09,2.09,2.09,2.1,-0.48,301.0,629.09,2.0
2026-09-15,IKHC,Al -Khazer Construction Materials,1.12,1.12,1.11,1.11,1.12,-0.89,479866.0,532669.01,2.0
2026-09-15,IMAP,Al-Mansour Pharmaceuticals Industries,2.24,2.24,2.23,2.24,2.22,0.9,5643000.0,12599192.62,37.0
2026-09-15,IMOS,Modern Sewing,7.35,7.85,7.35,7.85,7.65,2.61,6993962.0,52435645.98,58.0
2026-09-15,IRMC,Ready Made Clothes ,2.25,2.25,2.25,2.25,2.25,0.0,250000.0,562500.0,2.0
2026-09-15,HBAG,Baghdad Hotel,12.25,12.25,12.25,12.25,12.25,0.0,1537.0,18828.25,2.0
2026-09-15,HTVM,Tourist Village of Mosul dam,12.55,12.55,12.2,12.2,12.55,-2.79,46377.0,570768.7,5.0
2026-09-15,BANS,AL-Anssari Islamic Bank,0.05,0.05,0.05,0.05,0.05,0.0,1001000000.0,50050000.0,5.0
2026-09-15,BINT,International Islamic Bank,0.11,0.11,0.11,0.11,0.12,-8.33,435609007.0,47916990.77,21.0
2026-09-15,BROI,Credit Bank Of Iraq,0.49,0.49,0.49,0.49,0.49,0.0,288695.0,141460.55,2.0
2026-09-15,NAHF,Alahliya For Insurance,0.82,0.82,0.75,0.75,0.82,-8.54,790783.0,611331.42,3.0
2026-09-15,NHAM,Al-Hamraa for Insurance,4.1,4.1,4.09,4.1,4.1,0.0,312025.0,1278802.5,9.0
2026-09-15,SAEI,Al-Ameen Estate Investment,1.66,1.66,1.5,1.5,1.66,-9.64,15500.0,25650.0,2.0
2026-09-15,IFCM,Fallujah for construction Materials,2.85,2.85,2.75,2.75,2.88,-4.51,4419501.0,12192562.8,45.0
2026-09-15,BMFI,Mosul Bank For Investment,0.12,0.13,0.12,0.12,0.12,0.0,85327272.0,10252272.64,22.0
2026-09-15,BSUC,Sumer Commercial Bank,0.2,0.21,0.2,0.21,0.21,0.0,85055000.0,17051000.0,16.0
2026-09-15,BUND,United Bank,0.05,0.05,0.05,0.05,0.05,0.0,5000000.0,250000.0,10.0
2026-09-15,IICM,Iraqi Carton Manufactories,1.78,1.78,1.75,1.75,1.78,-1.69,16116.0,28236.48,3.0
2026-09-15,INCP,National Chemical &Plastic,1.8,1.8,1.8,1.8,1.8,0.0,3447.0,6204.6,1.0
2026-09-15,ITLI,The Light Industries,1.26,1.26,1.25,1.25,1.26,-0.79,600100.0,755125.0,4.0
2026-09-15,HISH,Ishtar Hotels,9.33,9.35,9.33,9.35,9.33,0.21,153750.0,1436502.5,3.0
2026-09-15,HNTI,National for Tourist Investment,20.78,20.78,20.7,20.7,20.94,-1.15,290011.0,6013633.81,9.0
2026-09-15,HPAL,Palestine Hotel,24.0,24.0,24.0,24.0,24.0,0.0,2000.0,48000.0,1.0
2026-09-15,AISP,Iraqi for Seed Production,5.3,5.3,5.25,5.29,5.31,-0.38,7744444.0,40806377.0,56.0
2026-09-15,AMAP,Modern for Animal Production,0.31,0.31,0.31,0.31,0.34,-8.82,150721.0,46723.51,2.0
2026-09-15,BWAI,Al-Warka Bank,,0.13,0.13,0.13,,,36466570.0,4740654.1,14.0
2026-09-15,BHAM,Hammurabi Commercial Bank,,,,,,,,,
2026-09-15,BSAN,Al-Sanam Islamic Bank,,,,3.0,,,,,
2026-09-15,FIDI,Iraqi Deposit Insurance Corporation,,,,1.0,,,,,
2026-09-15,FRSE,Rabee Securities,,,,25.0,,,,,
2026-09-15,FKSX,Karmal Brokerage,,,,10.0,,,,,
2026-09-15,FISH,Ishtar Gate for e-Paymant,,,,1.0,,,,,
2026-09-15,FSBE,Sama Baghdad Exchange,,,,,,,,,
2026-09-15,SYAM,Blue Yam General Trading Company,,,,,,,,,
2026-09-15,NBAT,Batek Insurance Company,,,,,,,,,
2026-09-15,NZA,Zain lnsurance Company,,,,,,,,,
2026-09-15,NDAR,Dar Altheqa Insurance Company,,,,,,,,,
2026-09-15,NSHA,Shatt Al Arab Insurance,,,,1.0,,,,,
2026-09-15,NBAD,Al Badia Insurance,,,,,,,,,
2026-09-15,NKUI,Kurdistan Insurance,,,,0.5,,,,,
2026-09-15,NELF,Elaf Insurance,,,,,,,,,
2026-09-15,NDIL,Dilina Insurance Company,,,,,,,,,
2026-09-15,NGAT,Asia Gate Insurance Company,,,,,,,,,
2026-09-15,NSHQ,Shariq Insurance Company,,,,,,,,,
2026-09-15,NSIA,Asia Insurance Company,,,,,,,,,
2026-09-15,IKFP,Kirkuk producing constructional materials,,,,2.0,,,,,
2026-09-15,BEFI,Economy Bank,,,,0.24,,,0.0,,0.0
2026-09-15,BKUI,Kurdistan International Bank,,,,1.06,,,0.0,,0.0
2026-09-15,BNAI,National Islamic Bank,,,,1.0,,,0.0,,0.0
2026-09-15,BELF,Elaf Islamic Bank,,,,0.32,,,0.0,,0.0
2026-09-15,BCIH,Cihan Bank for Islamic Investment&Finance,,,,1.75,,,0.0,,0.0
2026-09-15,SKTA,Kharkh Tour Amuzement City,,,,4.52,,,0.0,,0.0
2026-09-15,SMOF,Al-Mosul for funfairs,,,,6.46,,,0.0,,0.0
2026-09-15,SNUC,AL-Nukhba for Construction,,,,0.69,,,0.0,,0.0
2026-09-15,HKAR,Rehab Karbalaa ,,,,0.5,,,0.0,,0.0
2026-09-15,IMIB,Metallic Industries and Bicycles,,,,1.94,,,0.0,,0.0
2026-09-15,IIEW,Iraqi Engineering Works,,,,5.04,,,0.0,,0.0
2026-09-15,IHLI,Al-Hilal Industries,,,,1.4,,,0.0,,0.0
2026-09-15,IKLV,Al-Kindi of Veterinary Vaccines,,,,2.69,,,0.0,,0.0
2026-09-15,HMAN,Mansour Hotel,,,,60.0,,,0.0,,0.0
2026-09-15,HBAY,Babylon Hotel,,,,108.0,,,0.0,,0.0
2026-09-15,AIPM,Agricultural Products Meat,,,,4.7,,,0.0,,0.0
2026-09-15,AMEF,Middle East for Production- Fish,,,,5.69,,,0.0,,0.0
2026-09-15,AAHP,Al-Ahlyia agricultural production,,,,2.11,,,0.0,,0.0
2026-09-15,AIRP,Iraqi Agricultural Products ,,,,11.0,,,0.0,,0.0
2026-09-15,BAME,Ameen Al-Iraq Islamic Bank,,,,1.0,,,0.0,,0.0
2026-09-15,BTRI,Trans Iraq Bank Investment,,,,0.25,,,0.0,,0.0
2026-09-15,BLAD,Al-Ataa Islamic Bank,,,,0.09,,,0.0,,0.0
2026-09-15,BQAB,Al-Qabidh Islamic Bank,,,,0.07,,,0.0,,0.0
2026-09-15,BINI,Iraq Noor Islamic Bank for Investment,,,,0.2,,,0.0,,0.0
2026-09-15,BAAI,Arab Islamic Bank,,,,1.0,,,0.0,,0.0
2026-09-15,BMAL,AL- Mal Islamic Bank,,,,1.0,,,0.0,,0.0
2026-09-15,BERI,Erbil Investment & FinanceBank,,,,0.11,,,0.0,,0.0
2026-09-15,BQUR,Al-Qurtas Islamic Bank,,,,1.0,,,0.0,,0.0
2026-09-15,BRTB,Region Trade Bank,,,,1.01,,,0.0,,0.0
2026-09-15,BIDB,International Development Bank,,,,1.05,,,0.0,,0.0
2026-09-15,BRAJ,Al-Rajih Islamic Bank,,,,1.0,,,0.0,,0.0
2026-09-15,BMUI,Al-Mustashar Islamic Bank for Investment,,,,1.0,,,0.0,,0.0
2026-09-15,BTRU,Trust International Islamic Bank,,,,0.75,,,0.0,,0.0
2026-09-15,BJAB,Al janoob Islamic Bank,,,,0.94,,,0.0,,0.0
2026-09-15,BAMS,Al-Mashreq Al-Arabi Islamic Bank,,,,0.85,,,0.0,,0.0
2026-09-15,VWIF,AL-Wiaam for Financial Investment,,,,0.68,,,0.0,,0.0
2026-09-15,VAMF,Al-Ameen for Financial Investment,,,,1.26,,,0.0,,0.0
2026-09-15,HASH,Ashour Hotel,,,,25.99,,,0.0,,0.0
2026-09-15,SIBD,Ibdaa Al-sharq Alwast General Contracting,,,,1.0,,,0.0,,0.0
2026-09-15,IHFI,National Furniture Industries,,,,1.15,,,0.0,,0.0
2026-09-15,IBPM,Baghdad for Packing Materials,,,,3.0,,,0.0,,0.0
2026-09-15,IMCI,Modern chemical industries,,,,100.0,,,0.0,,0.0
2026-09-15,BUOI,Union Bank of Iraq,,,,0.16,,,0.0,,0.0
2026-09-15,BWOR,World Islamic Bank for Investment,,,,1.0,,,0.0,,0.0
2026-09-15,SBAG,AL-Badia for General Trans,,,,1.2,,,0.0,,0.0
2026-09-15,SIGT,General Transportation,,,,1.33,,,0.0,,0.0
2026-09-15,IELI,Electronic Industry,,,,1.37,,,0.0,,0.0
2026-09-15,IMCM,Modern Construction Materials,,,,1.34,,,0.0,,0.0
2026-09-15,HSAD,Al-Sadeer Hotel,,,,24.0,,,0.0,,0.0
2026-09-15,ABAP,Babil Animal & Vegetable Production ,,,,8.4,,,0.0,,0.0
2026-09-16,BASH,Ashur International Bank,0.31,0.31,0.31,0.31,0.31,0.0,2151612.0,666999.72,6.0
2026-09-16,BBOB,Bank of Baghdad,2.9,2.95,2.9,2.9,2.9,0.0,129445502.0,375492640.0,195.0
2026-09-16,BCOI,Commercial Islamic Bank of Iraq,0.55,0.55,0.55,0.55,0.55,0.0,16310909.0,8970999.95,15.0
2026-09-16,BGUC,Gulf Commercial Bank,0.32,0.32,0.32,0.32,0.32,0.0,14910257.0,4771282.24,17.0
2026-09-16,BIBI,Investment Bank of Iraq,0.39,0.39,0.39,0.39,0.39,0.0,10112420.0,3943843.8,5.0
2026-09-16,BIIB,Iraqi Islamic Bank,0.95,0.95,0.94,0.94,0.95,-1.05,2619688.0,2463818.3,20.0
2026-09-16,BIME,Middle East Bank,0.07,0.07,0.07,0.07,0.07,0.0,400140.0,28009.8,2.0
2026-09-16,BMNS,Al -Mansour Bank,2.06,2.06,2.05,2.06,2.07,-0.48,329061056.0,675908413.13,210.0
2026-09-16,BNOI,National Bank of Iraq,3.75,3.76,3.75,3.75,3.73,0.54,3771339.0,14147587.46,39.0
2026-09-16,TASC,Asia Cell Telecommunication,15.7,15.7,15.69,15.7,15.7,0.0,1603493.0,25169716.54,41.0
2026-09-16,TZNI,Al-Khatam Telecom,3.8,3.8,3.8,3.8,3.8,0.0,50261.0,190991.8,2.0
2026-09-16,SBPT,Baghdad -Iraq Transportation,20.0,20.0,19.95,19.95,20.13,-0.89,578646.0,11562067.25,73.0
2026-09-16,SKTA,Kharkh Tour Amuzement City,4.45,4.45,4.4,4.45,4.52,-1.5486725663716672,5461.0,24296.45,2.0
2026-09-16,SMRI,Mamoura Realestate ,2.3,2.32,2.3,2.32,2.3,0.87,110106.0,255384.2,5.0
2026-09-16,IBSD,Baghdad Soft Drinks,6.08,6.16,6.06,6.12,6.08,0.66,8676404.0,53130511.95,41.0
2026-09-16,IIDP,Iraqi Date Processing and Marketing,2.08,2.08,2.04,2.04,2.09,-2.39,1129074.0,2304310.96,5.0
2026-09-16,IKHC,Al -Khazer Construction Materials,1.11,1.11,1.11,1.11,1.11,0.0,14186.0,15746.46,2.0
2026-09-16,IKLV,Al-Kindi of Veterinary Vaccines,2.69,2.7,2.69,2.7,2.69,0.37,170000.0,458933.53,28.0
2026-09-16,IMAP,Al-Mansour Pharmaceuticals Industries,2.24,2.25,2.24,2.25,2.24,0.45,269202.0,604134.28,8.0
2026-09-16,HBAG,Baghdad Hotel,12.25,12.25,12.2,12.25,12.25,0.0,152692.0,1862977.0,5.0
2026-09-16,HMAN,Mansour Hotel,59.0,59.0,56.0,56.31,60.0,-6.15,77769.0,4381719.92,16.0
2026-09-16,HTVM,Tourist Village of Mosul dam,13.3,13.3,13.3,13.3,12.2,9.02,105.0,1396.5,1.0
2026-09-16,AAHP,Al-Ahlyia agricultural production,2.11,2.11,2.11,2.11,2.11,0.0,7011777.0,14794849.47,2.0
2026-09-16,AIPM,Agricultural Products Meat,4.7,4.7,4.7,4.7,4.7,0.0,70000.0,329000.0,1.0
2026-09-16,AMEF,Middle East for Production- Fish,5.5,5.5,5.5,5.5,5.69,-3.34,1907.0,10488.5,2.0
2026-09-16,BAMS,Al-Mashreq Al-Arabi Islamic Bank,0.85,0.85,0.85,0.85,0.85,0.0,58735194.0,49924914.9,2.0
2026-09-16,BINT,International Islamic Bank,0.13,0.13,0.11,0.11,0.11,0.0,200608641.0,26077123.33,6.0
2026-09-16,NHAM,Al-Hamraa for Insurance,4.01,4.01,4.01,4.01,4.1,-2.2,37183.0,149103.83,1.0
2026-09-16,IFCM,Fallujah for construction Materials,2.75,2.75,2.75,2.75,2.75,0.0,1509000.0,4149750.0,6.0
2026-09-16,BMFI,Mosul Bank For Investment,0.13,0.13,0.12,0.12,0.12,0.0,14585858.0,1759732.07,8.0
2026-09-16,BSUC,Sumer Commercial Bank,0.21,0.21,0.21,0.21,0.21,0.0,23004050.0,4830850.5,10.0
2026-09-16,BUND,United Bank,0.05,0.05,0.05,0.05,0.05,0.0,20600178.0,1030008.9,23.0
2026-09-16,SIGT,General Transportation,1.33,1.33,1.33,1.33,1.33,0.0,10463.0,13915.79,1.0
2026-09-16,IELI,Electronic Industry,1.37,1.37,1.37,1.37,1.37,0.0,500000.0,685000.0,2.0
2026-09-16,IMCM,Modern Construction Materials,1.32,1.33,1.32,1.33,1.34,-0.75,500000.0,662500.0,2.0
2026-09-16,INCP,National Chemical &Plastic,1.8,1.8,1.8,1.8,1.8,0.0,19470.0,35046.0,4.0
2026-09-16,HISH,Ishtar Hotels,9.35,9.37,9.35,9.37,9.35,0.21,40003.0,374578.11,4.0
2026-09-16,HNTI,National for Tourist Investment,10.0,10.0,10.0,10.0,9.5,5.26,42579.0,425790.0,2.0
2026-09-16,HPAL,Palestine Hotel,20.8,21.4,20.7,20.7,20.7,0.0,38000.0,793200.0,3.0
2026-09-16,HSAD,Al-Sadeer Hotel,24.0,24.0,24.0,24.0,24.0,0.0,2000.0,48000.0,1.0
2026-09-16,AISP,Iraqi for Seed Production,5.29,5.29,5.15,5.15,5.29,-2.65,5720139.0,29770165.99,45.0
2026-09-16,BWAI,Al-Warka Bank,,,,0.13,,,,,
2026-09-16,BHAM,Hammurabi Commercial Bank,,,,,,,,,
2026-09-16,BSAN,Al-Sanam Islamic Bank,,,,3.0,,,,,
2026-09-16,FIDI,Iraqi Deposit Insurance Corporation,,,,1.0,,,,,
2026-09-16,FRSE,Rabee Securities,,,,25.0,,,,,
2026-09-16,FKSX,Karmal Brokerage,,,,10.0,,,,,
2026-09-16,FISH,Ishtar Gate for e-Paymant,,,,1.0,,,,,
2026-09-16,FSBE,Sama Baghdad Exchange,,,,,,,,,
2026-09-16,SYAM,Blue Yam General Trading Company,,,,,,,,,
2026-09-16,NMAS,Almaseer lnsurance Company,,,,,,,,,
2026-09-16,NBAT,Batek Insurance Company,,,,,,,,,
2026-09-16,NZA,Zain lnsurance Company,,,,,,,,,
2026-09-16,NDAR,Dar Altheqa Insurance Company,,,,,,,,,
2026-09-16,NSHA,Shatt Al Arab Insurance,,,,1.0,,,,,
2026-09-16,NBAD,Al Badia Insurance,,,,,,,,,
2026-09-16,NKUI,Kurdistan Insurance,,,,0.5,,,,,
2026-09-16,NELF,Elaf Insurance,,,,,,,,,
2026-09-16,NDIL,Dilina Insurance Company,,,,,,,,,
2026-09-16,NGAT,Asia Gate Insurance Company,,,,,,,,,
2026-09-16,NSHQ,Shariq Insurance Company,,,,,,,,,
2026-09-16,NSIA,Asia Insurance Company,,,,,,,,,
2026-09-16,IKFP,Kirkuk producing constructional materials,,,,2.0,,,,,
2026-09-16,BEFI,Economy Bank,,,,0.24,,,0.0,,0.0
2026-09-16,BKUI,Kurdistan International Bank,,,,1.06,,,0.0,,0.0
2026-09-16,BNAI,National Islamic Bank,,,,1.0,,,0.0,,0.0
2026-09-16,BELF,Elaf Islamic Bank,,,,0.32,,,0.0,,0.0
2026-09-16,BCIH,Cihan Bank for Islamic Investment&Finance,,,,1.75,,,0.0,,0.0
2026-09-16,NAME,Al-Ameen for Insurance,,,,0.86,,,0.0,,0.0
2026-09-16,NDSA,Dar Al-Salam for Insurance,,,,0.73,,,0.0,,0.0
2026-09-16,SMOF,Al-Mosul for funfairs,,,,6.46,,,0.0,,0.0
2026-09-16,SNUC,AL-Nukhba for Construction,,,,0.69,,,0.0,,0.0
2026-09-16,HKAR,Rehab Karbalaa ,,,,0.5,,,0.0,,0.0
2026-09-16,IMIB,Metallic Industries and Bicycles,,,,1.94,,,0.0,,0.0
2026-09-16,IIEW,Iraqi Engineering Works,,,,5.04,,,0.0,,0.0
2026-09-16,IHLI,Al-Hilal Industries,,,,1.4,,,0.0,,0.0
2026-09-16,IRMC,Ready Made Clothes ,,,,,,,0.0,,0.0
2026-09-16,HBAY,Babylon Hotel,,,,108.0,,,0.0,,0.0
2026-09-16,AIRP,Iraqi Agricultural Products ,,,,11.0,,,0.0,,0.0
2026-09-16,BAME,Ameen Al-Iraq Islamic Bank,,,,1.0,,,0.0,,0.0
2026-09-16,BTRI,Trans Iraq Bank Investment,,,,0.25,,,0.0,,0.0
2026-09-16,BLAD,Al-Ataa Islamic Bank,,,,0.09,,,0.0,,0.0
2026-09-16,BQAB,Al-Qabidh Islamic Bank,,,,0.07,,,0.0,,0.0
2026-09-16,BINI,Iraq Noor Islamic Bank for Investment,,,,0.2,,,0.0,,0.0
2026-09-16,BAAI,Arab Islamic Bank,,,,1.0,,,0.0,,0.0
2026-09-16,BMAL,AL- Mal Islamic Bank,,,,1.0,,,0.0,,0.0
2026-09-16,BERI,Erbil Investment & FinanceBank,,,,0.11,,,0.0,,0.0
2026-09-16,BQUR,Al-Qurtas Islamic Bank,,,,1.0,,,0.0,,0.0
2026-09-16,BRTB,Region Trade Bank,,,,1.01,,,0.0,,0.0
2026-09-16,BIDB,International Development Bank,,,,1.05,,,0.0,,0.0
2026-09-16,BRAJ,Al-Rajih Islamic Bank,,,,1.0,,,0.0,,0.0
2026-09-16,BMUI,Al-Mustashar Islamic Bank for Investment,,,,1.0,,,0.0,,0.0
2026-09-16,BTRU,Trust International Islamic Bank,,,,0.75,,,0.0,,0.0
2026-09-16,BJAB,Al janoob Islamic Bank,,,,0.94,,,0.0,,0.0
2026-09-16,BANS,AL-Anssari Islamic Bank,,,,0.05,,,0.0,,0.0
2026-09-16,BROI,Credit Bank Of Iraq,,,,0.49,,,0.0,,0.0
2026-09-16,VWIF,AL-Wiaam for Financial Investment,,,,0.68,,,0.0,,0.0
2026-09-16,VAMF,Al-Ameen for Financial Investment,,,,1.26,,,0.0,,0.0
2026-09-16,NAHF,Alahliya For Insurance,,,,0.75,,,0.0,,0.0
2026-09-16,HASH,Ashour Hotel,,,,25.99,,,0.0,,0.0
2026-09-16,SAEI,Al-Ameen Estate Investment,,,,1.5,,,0.0,,0.0
2026-09-16,SIBD,Ibdaa Al-sharq Alwast General Contracting,,,,1.0,,,0.0,,0.0
2026-09-16,IHFI,National Furniture Industries,,,,1.15,,,0.0,,0.0
2026-09-16,IBPM,Baghdad for Packing Materials,,,,3.0,,,0.0,,0.0
2026-09-16,IMCI,Modern chemical industries,,,,100.0,,,0.0,,0.0
2026-09-16,BUOI,Union Bank of Iraq,,,,0.16,,,0.0,,0.0
2026-09-16,BWOR,World Islamic Bank for Investment,,,,1.0,,,0.0,,0.0
2026-09-16,SBAG,AL-Badia for General Trans,,,,1.2,,,0.0,,0.0
2026-09-16,IICM,Iraqi Carton Manufactories,,,,1.75,,,0.0,,0.0
2026-09-16,ITLI,The Light Industries,,,,1.25,,,0.0,,0.0
2026-09-16,ABAP,Babil Animal & Vegetable Production ,,,,8.4,,,0.0,,0.0
2026-09-16,AMAP,Modern for Animal Production,,,,0.31,,,0.0,,0.0
2026-09-17,BASH,Ashur International Bank,0.31,0.31,0.31,0.31,0.31,0.0,1500000.0,465000.0,4.0
2026-09-17,BBOB,Bank of Baghdad,2.9,2.93,2.86,2.87,2.9,-1.03,33757413.0,97614298.72,77.0
2026-09-17,BCOI,Commercial Islamic Bank of Iraq,0.54,0.55,0.54,0.55,0.55,0.0,6879276.0,3719809.04,9.0
2026-09-17,BEFI,Economy Bank,0.24,0.24,0.24,0.24,0.24,0.0,500000.0,120000.0,1.0
2026-09-17,BELF,Elaf Islamic Bank,0.29,0.33,0.29,0.33,0.32,3.13,1111188.0,327199.67,7.0
2026-09-17,BGUC,Gulf Commercial Bank,0.32,0.32,0.32,0.32,0.32,0.0,22432973.0,7178551.36,8.0
2026-09-17,BIIB,Iraqi Islamic Bank,0.95,0.97,0.94,0.97,0.94,3.19,8949219.0,8507476.12,25.0
2026-09-17,BIME,Middle East Bank,0.07,0.07,0.06,0.07,0.07,0.0,3323866.0,232450.56,4.0
2026-09-17,BMNS,Al -Mansour Bank,2.06,2.1,2.06,2.07,2.06,0.49,370089793.0,771617504.29,123.0
2026-09-17,BNOI,National Bank of Iraq,3.75,3.82,3.75,3.8,3.75,1.33,17413083.0,66144247.37,42.0
2026-09-17,TASC,Asia Cell Telecommunication,15.7,15.9,15.7,15.8,15.7,0.64,1162564.0,18330402.93,60.0
2026-09-17,TZNI,Al-Khatam Telecom,3.8,3.81,3.8,3.8,3.8,0.0,41814.0,159039.73,5.0
2026-09-17,SBPT,Baghdad -Iraq Transportation,19.95,20.0,19.9,20.0,19.95,0.25,57939.0,1155091.1,6.0
2026-09-17,SMOF,Al-Mosul for funfairs,6.46,6.46,6.46,6.46,6.46,0.0,1538.0,9935.48,1.0
2026-09-17,SMRI,Mamoura Realestate ,2.4,2.54,2.34,2.52,2.32,8.62,4930000.0,12165900.0,20.0
2026-09-17,HKAR,Rehab Karbalaa ,0.5,0.5,0.5,0.5,0.5,0.0,5000.0,2500.0,1.0
2026-09-17,IBSD,Baghdad Soft Drinks,6.12,6.18,6.11,6.13,6.12,0.16,17540596.0,107661092.38,84.0
2026-09-17,IIDP,Iraqi Date Processing and Marketing,2.04,2.49,2.04,2.39,2.04,17.16,442602.0,924086.5,6.0
2026-09-17,IMAP,Al-Mansour Pharmaceuticals Industries,2.25,2.25,2.25,2.25,2.25,0.0,22089.0,49700.25,1.0
2026-09-17,IRMC,Ready Made Clothes ,2.25,2.25,2.25,2.25,2.25,0.0,1011044.0,2274849.0,3.0
2026-09-17,HMAN,Mansour Hotel,56.31,56.31,54.0,54.0,56.31,-4.1,484.0,26797.0,4.0
2026-09-17,AMEF,Middle East for Production- Fish,5.69,5.69,5.67,5.67,5.5,3.09,5100.0,29017.0,2.0
2026-09-17,BANS,AL-Anssari Islamic Bank,0.05,0.05,0.05,0.05,0.05,0.0,1008901000.0,50445050.0,5.0
2026-09-17,BINT,International Islamic Bank,0.12,0.13,0.1,0.1,0.11,-9.09,90572465.0,9955246.5,50.0
2026-09-17,BLAD,Al-Ataa Islamic Bank,0.08,0.08,0.08,0.08,0.09,-11.11,12070.0,965.6,2.0
2026-09-17,BROI,Credit Bank Of Iraq,0.49,0.49,0.49,0.49,0.49,0.0,2100000.0,1029000.0,6.0
2026-09-17,NHAM,Al-Hamraa for Insurance,4.5,4.5,4.1,4.1,4.01,2.24,66248.0,272416.8,2.0
2026-09-17,SAEI,Al-Ameen Estate Investment,1.6,1.6,1.42,1.42,1.5,-5.33,4941919.0,7092163.67,16.0
2026-09-17,IFCM,Fallujah for construction Materials,2.75,2.75,2.75,2.75,2.75,0.0,1000000.0,2750000.0,18.0
2026-09-17,IHFI,National Furniture Industries,1.04,1.04,1.04,1.04,1.15,-9.57,53322.0,55454.88,1.0
2026-09-17,HASH,Ashour Hotel,25.98,25.98,25.98,25.98,25.99,-0.04,382.0,9924.36,1.0
2026-09-17,BMFI,Mosul Bank For Investment,0.12,0.12,0.12,0.12,0.12,0.0,1046235.0,125548.2,4.0
2026-09-17,BSUC,Sumer Commercial Bank,0.21,0.22,0.21,0.22,0.21,4.76,38000000.0,8009333.34,32.0
2026-09-17,BUND,United Bank,0.05,0.05,0.05,0.05,0.05,0.0,377.0,18.85,1.0
2026-09-17,SBAG,AL-Badia for General Trans,1.2,1.2,1.2,1.2,1.2,0.0,3268.0,3921.6,1.0
2026-09-17,IICM,Iraqi Carton Manufactories,1.65,1.65,1.65,1.65,1.75,-5.71,24097.0,39760.05,2.0
2026-09-17,HISH,Ishtar Hotels,9.37,9.39,9.36,9.39,9.37,0.21,214491.0,2010048.75,7.0
2026-09-17,HPAL,Palestine Hotel,21.0,21.0,20.75,21.0,20.7,1.45,532498.0,11174808.0,17.0
2026-09-17,HSAD,Al-Sadeer Hotel,24.0,24.0,24.0,24.0,24.0,0.0,4000.0,96000.0,2.0
2026-09-17,AISP,Iraqi for Seed Production,5.16,5.35,5.11,5.26,5.15,2.14,10928507.0,57398050.23,62.0
2026-09-17,BWAI,Al-Warka Bank,,0.14,0.13,0.13,,,31515000.0,4097000.0,10.0
2026-09-17,BHAM,Hammurabi Commercial Bank,,,,,,,,,
2026-09-17,BSAN,Al-Sanam Islamic Bank,,,,3.0,,,,,
2026-09-17,FIDI,Iraqi Deposit Insurance Corporation,,,,1.0,,,,,
2026-09-17,FRSE,Rabee Securities,,,,25.0,,,,,
2026-09-17,FKSX,Karmal Brokerage,,,,10.0,,,,,
2026-09-17,FISH,Ishtar Gate for e-Paymant,,,,1.0,,,,,
2026-09-17,FSBE,Sama Baghdad Exchange,,,,,,,,,
2026-09-17,SYAM,Blue Yam General Trading Company,,,,,,,,,
2026-09-17,NMAS,Almaseer lnsurance Company,,,,,,,,,
2026-09-17,NBAT,Batek Insurance Company,,,,,,,,,
2026-09-17,NZA,Zain lnsurance Company,,,,,,,,,
2026-09-17,NDAR,Dar Altheqa Insurance Company,,,,,,,,,
2026-09-17,NSHA,Shatt Al Arab Insurance,,,,1.0,,,,,
2026-09-17,NBAD,Al Badia Insurance,,,,,,,,,
2026-09-17,NKUI,Kurdistan Insurance,,,,0.5,,,,,
2026-09-17,NELF,Elaf Insurance,,,,,,,,,
2026-09-17,NDIL,Dilina Insurance Company,,,,,,,,,
2026-09-17,NGAT,Asia Gate Insurance Company,,,,,,,,,
2026-09-17,NSHQ,Shariq Insurance Company,,,,,,,,,
2026-09-17,NSIA,Asia Insurance Company,,,,,,,,,
2026-09-17,INFF,National Food Industries Company,,,,,,,,,
2026-09-17,IKFP,Kirkuk producing constructional materials,,,,2.0,,,,,
2026-09-17,BIBI,Investment Bank of Iraq,,,,0.39,,,0.0,,0.0
2026-09-17,BKUI,Kurdistan International Bank,,,,1.06,,,0.0,,0.0
2026-09-17,BNAI,National Islamic Bank,,,,1.0,,,0.0,,0.0
2026-09-17,BCIH,Cihan Bank for Islamic Investment&Finance,,,,1.75,,,0.0,,0.0
2026-09-17,NAME,Al-Ameen for Insurance,,,,0.86,,,0.0,,0.0
2026-09-17,NDSA,Dar Al-Salam for Insurance,,,,0.73,,,0.0,,0.0
2026-09-17,SKTA,Kharkh Tour Amuzement City,,,,4.45,,,0.0,,0.0
2026-09-17,SNUC,AL-Nukhba for Construction,,,,0.69,,,0.0,,0.0
2026-09-17,IMIB,Metallic Industries and Bicycles,,,,1.94,,,0.0,,0.0
2026-09-17,IIEW,Iraqi Engineering Works,,,,5.04,,,0.0,,0.0
2026-09-17,IHLI,Al-Hilal Industries,,,,1.4,,,0.0,,0.0
2026-09-17,IKHC,Al -Khazer Construction Materials,,,,1.11,,,0.0,,0.0
2026-09-17,IKLV,Al-Kindi of Veterinary Vaccines,,,,2.7,,,0.0,,0.0
2026-09-17,HBAG,Baghdad Hotel,,,,12.25,,,0.0,,0.0
2026-09-17,HBAY,Babylon Hotel,,,,108.0,,,0.0,,0.0
2026-09-17,HTVM,Tourist Village of Mosul dam,,,,13.3,,,0.0,,0.0
2026-09-17,AAHP,Al-Ahlyia agricultural production,,,,2.11,,,0.0,,0.0
2026-09-17,AIPM,Agricultural Products Meat,,,,4.7,,,0.0,,0.0
2026-09-17,AIRP,Iraqi Agricultural Products ,,,,11.0,,,0.0,,0.0
2026-09-17,BAMS,Al-Mashreq Al-Arabi Islamic Bank,,,,0.85,,,0.0,,0.0
2026-09-17,BAME,Ameen Al-Iraq Islamic Bank,,,,1.0,,,0.0,,0.0
2026-09-17,BTRI,Trans Iraq Bank Investment,,,,0.25,,,0.0,,0.0
2026-09-17,BQAB,Al-Qabidh Islamic Bank,,,,0.07,,,0.0,,0.0
2026-09-17,BINI,Iraq Noor Islamic Bank for Investment,,,,0.2,,,0.0,,0.0
2026-09-17,BAAI,Arab Islamic Bank,,,,1.0,,,0.0,,0.0
2026-09-17,BMAL,AL- Mal Islamic Bank,,,,1.0,,,0.0,,0.0
2026-09-17,BERI,Erbil Investment & FinanceBank,,,,0.11,,,0.0,,0.0
2026-09-17,BQUR,Al-Qurtas Islamic Bank,,,,1.0,,,0.0,,0.0
2026-09-17,BRTB,Region Trade Bank,,,,1.01,,,0.0,,0.0
2026-09-17,BIDB,International Development Bank,,,,1.05,,,0.0,,0.0
2026-09-17,BMUI,Al-Mustashar Islamic Bank for Investment,,,,1.0,,,0.0,,0.0
2026-09-17,BTRU,Trust International Islamic Bank,,,,0.75,,,0.0,,0.0
2026-09-17,BJAB,Al janoob Islamic Bank,,,,0.94,,,0.0,,0.0
2026-09-17,VWIF,AL-Wiaam for Financial Investment,,,,0.68,,,0.0,,0.0
2026-09-17,VAMF,Al-Ameen for Financial Investment,,,,1.26,,,0.0,,0.0
2026-09-17,NAHF,Alahliya For Insurance,,,,0.75,,,0.0,,0.0
2026-09-17,SIBD,Ibdaa Al-sharq Alwast General Contracting,,,,1.0,,,0.0,,0.0
2026-09-17,IBPM,Baghdad for Packing Materials,,,,3.0,,,0.0,,0.0
2026-09-17,IMCI,Modern chemical industries,,,,100.0,,,0.0,,0.0
2026-09-17,BUOI,Union Bank of Iraq,,,,0.16,,,0.0,,0.0
2026-09-17,BWOR,World Islamic Bank for Investment,,,,1.0,,,0.0,,0.0
2026-09-17,SIGT,General Transportation,,,,1.33,,,0.0,,0.0
2026-09-17,IELI,Electronic Industry,,,,1.37,,,0.0,,0.0
2026-09-17,IMCM,Modern Construction Materials,,,,1.33,,,0.0,,0.0
2026-09-17,INCP,National Chemical &Plastic,,,,1.8,,,0.0,,0.0
2026-09-17,ITLI,The Light Industries,,,,1.25,,,0.0,,0.0
2026-09-17,ABAP,Babil Animal & Vegetable Production ,,,,8.4,,,0.0,,0.0
2026-09-17,AMAP,Modern for Animal Production,,,,0.31,,,0.0,,0.0
2026-09-17,HNTI,National for Tourist Investment,,,,10.0,,,0.0,,0.0
2026-09-20,BASH,Ashur International Bank,0.31,0.31,0.31,0.31,0.31,0.0,3926905.0,1217340.55,8.0
2026-09-20,BBOB,Bank of Baghdad,2.88,2.9,2.87,2.88,2.87,0.35,12037017.0,34653456.74,87.0
2026-09-20,BCOI,Commercial Islamic Bank of Iraq,0.55,0.56,0.55,0.56,0.55,1.82,47086252.0,26017439.66,28.0
2026-09-20,BEFI,Economy Bank,0.24,0.24,0.24,0.24,0.24,0.0,10000.0,2400.0,1.0
2026-09-20,BIBI,Investment Bank of Iraq,0.39,0.41,0.39,0.39,0.39,0.0,51606061.0,20206485.01,15.0
2026-09-20,BIIB,Iraqi Islamic Bank,1.0,1.0,0.97,0.97,0.97,0.0,3709340.0,3639820.08,21.0
2026-09-20,BIME,Middle East Bank,0.07,0.07,0.07,0.07,0.07,0.0,18844023.0,1319081.61,10.0
2026-09-20,BKUI,Kurdistan International Bank,1.06,1.1,1.06,1.1,1.06,3.77,1000000.0,1082666.68,3.0
2026-09-20,BMNS,Al -Mansour Bank,2.07,2.07,2.05,2.05,2.07,-0.97,274963019.0,564480021.26,151.0
2026-09-20,BNOI,National Bank of Iraq,3.8,3.8,3.75,3.78,3.8,-0.53,3926788.0,14819672.24,73.0
2026-09-20,TASC,Asia Cell Telecommunication,15.8,16.0,15.79,15.79,15.8,-0.06,1939806.0,30719582.04,115.0
2026-09-20,TZNI,Al-Khatam Telecom,3.8,3.8,3.76,3.8,3.8,0.0,28632.0,108535.65,5.0
2026-09-20,NAME,Al-Ameen for Insurance,0.86,0.86,0.86,0.86,0.86,0.0,11558.0,9939.88,2.0
2026-09-20,SBPT,Baghdad -Iraq Transportation,20.0,20.0,19.6,19.6,20.0,-2.0,733267.0,14456029.6,12.0
2026-09-20,SKTA,Kharkh Tour Amuzement City,4.45,4.45,4.45,4.45,4.45,0.0,446.0,1984.7,1.0
2026-09-20,SMRI,Mamoura Realestate ,2.55,2.6,2.5,2.55,2.52,1.19,7142142.0,18218997.67,41.0
2026-09-20,IBSD,Baghdad Soft Drinks,6.13,6.25,6.13,6.23,6.13,1.63,16524617.0,102451275.54,89.0
2026-09-20,IIDP,Iraqi Date Processing and Marketing,2.39,2.39,2.16,2.16,2.39,-9.62,42987.0,94273.19,7.0
2026-09-20,IKHC,Al -Khazer Construction Materials,1.12,1.12,1.12,1.12,1.11,0.9,8875.0,9940.0,1.0
2026-09-20,IKLV,Al-Kindi of Veterinary Vaccines,2.7,2.7,2.7,2.7,2.7,0.0,100000.0,270000.0,2.0
2026-09-20,IMAP,Al-Mansour Pharmaceuticals Industries,2.25,2.26,2.25,2.26,2.25,0.44,548544.0,1239116.52,15.0
2026-09-20,IRMC,Ready Made Clothes ,2.25,2.3,2.25,2.3,2.25,2.22,8164034.0,18411296.5,25.0
2026-09-20,HBAG,Baghdad Hotel,12.25,12.25,12.25,12.25,12.25,0.0,114.0,1396.5,1.0
2026-09-20,HMAN,Mansour Hotel,55.5,55.52,55.5,55.5,54.0,2.78,257417.0,14287102.45,15.0
2026-09-20,AAHP,Al-Ahlyia agricultural production,2.11,2.11,2.11,2.11,2.11,0.0,7099527.0,14980001.97,2.0
2026-09-20,AMEF,Middle East for Production- Fish,5.6,5.6,5.6,5.6,5.67,-1.23,8875.0,49700.0,1.0
2026-09-20,BINT,International Islamic Bank,0.12,0.12,0.11,0.11,0.1,10.0,9175400.0,1051048.0,15.0
2026-09-20,BROI,Credit Bank Of Iraq,0.49,0.5,0.49,0.5,0.49,2.04,4119490.0,2058745.0,11.0
2026-09-20,NHAM,Al-Hamraa for Insurance,4.1,4.1,4.0,4.0,4.1,-2.44,262267.0,1049201.3,4.0
2026-09-20,SAEI,Al-Ameen Estate Investment,1.48,1.48,1.47,1.47,1.42,3.52,203582.0,299801.36,4.0
2026-09-20,IFCM,Fallujah for construction Materials,2.75,2.75,2.75,2.75,2.75,0.0,413.0,1135.75,1.0
2026-09-20,BMFI,Mosul Bank For Investment,0.13,0.14,0.13,0.14,0.12,16.67,31475908.0,4191377.12,15.0
2026-09-20,BSUC,Sumer Commercial Bank,0.21,0.21,0.21,0.21,0.22,-4.55,10118337.0,2124850.77,15.0
2026-09-20,SIGT,General Transportation,1.33,1.33,1.33,1.33,1.33,0.0,22421.0,29819.93,1.0
2026-09-20,IELI,Electronic Industry,1.37,1.37,1.37,1.37,1.37,0.0,137225.0,187998.25,3.0
2026-09-20,IMCM,Modern Construction Materials,1.2,1.2,1.2,1.2,1.33,-9.77,20000.0,24000.0,1.0
2026-09-20,INCP,National Chemical &Plastic,1.8,1.8,1.8,1.8,1.8,0.0,5555.0,9999.0,1.0
2026-09-20,ITLI,The Light Industries,1.26,1.28,1.26,1.27,1.25,1.6,3200000.0,4050000.0,21.0
2026-09-20,HISH,Ishtar Hotels,9.34,9.34,9.16,9.2,9.39,-2.02,595327.0,5495300.91,23.0
2026-09-20,HNTI,National for Tourist Investment,9.8,9.8,9.8,9.8,10.0,-2.0,45780.0,448644.0,1.0
2026-09-20,HPAL,Palestine Hotel,21.0,21.2,20.97,20.97,21.0,-0.14,380526.0,7991046.0,8.0
2026-09-20,HSAD,Al-Sadeer Hotel,24.0,24.0,23.0,23.25,24.0,-3.12,30000.0,700500.0,6.0
2026-09-20,AISP,Iraqi for Seed Production,5.26,5.4,5.23,5.23,5.26,-0.57,9671086.0,51136076.38,97.0
2026-09-20,AMAP,Modern for Animal Production,0.31,0.38,0.31,0.38,0.31,22.58,136727.0,47429.95,7.0
2026-09-20,BWAI,Al-Warka Bank,,0.13,0.13,0.13,,,10500000.0,1365000.0,3.0
2026-09-20,BHAM,Hammurabi Commercial Bank,,,,,,,,,
2026-09-20,BSAN,Al-Sanam Islamic Bank,,,,3.0,,,,,
2026-09-20,FIDI,Iraqi Deposit Insurance Corporation,,,,1.0,,,,,
2026-09-20,FRSE,Rabee Securities,,,,25.0,,,,,
2026-09-20,FKSX,Karmal Brokerage,,,,10.0,,,,,
2026-09-20,FISH,Ishtar Gate for e-Paymant,,,,1.0,,,,,
2026-09-20,FSBE,Sama Baghdad Exchange,,,,,,,,,
2026-09-20,SYAM,Blue Yam General Trading Company,,,,,,,,,
2026-09-20,NMAS,Almaseer lnsurance Company,,,,,,,,,
2026-09-20,NBAT,Batek Insurance Company,,,,,,,,,
2026-09-20,NZA,Zain lnsurance Company,,,,,,,,,
2026-09-20,NDAR,Dar Altheqa Insurance Company,,,,,,,,,
2026-09-20,NSHA,Shatt Al Arab Insurance,,,,1.0,,,,,
2026-09-20,NBAD,Al Badia Insurance,,,,,,,,,
2026-09-20,NKUI,Kurdistan Insurance,,,,0.5,,,,,
2026-09-20,NELF,Elaf Insurance,,,,,,,,,
2026-09-20,NDIL,Dilina Insurance Company,,,,,,,,,
2026-09-20,NGAT,Asia Gate Insurance Company,,,,,,,,,
2026-09-20,NSHQ,Shariq Insurance Company,,,,,,,,,
2026-09-20,NSIA,Asia Insurance Company,,,,,,,,,
2026-09-20,INFF,National Food Industries Company,,,,,,,,,
2026-09-20,IKFP,Kirkuk producing constructional materials,,,,2.0,,,,,
2026-09-20,BGUC,Gulf Commercial Bank,,,,0.32,,,0.0,,0.0
2026-09-20,BELF,Elaf Islamic Bank,,,,0.32,,,0.0,,0.0
2026-09-20,BNAI,National Islamic Bank,,,,1.0,,,0.0,,0.0
2026-09-20,BCIH,Cihan Bank for Islamic Investment&Finance,,,,1.75,,,0.0,,0.0
2026-09-20,NDSA,Dar Al-Salam for Insurance,,,,0.73,,,0.0,,0.0
2026-09-20,HKAR,Rehab Karbalaa ,,,,0.5,,,0.0,,0.0
2026-09-20,SMOF,Al-Mosul for funfairs,,,,6.46,,,0.0,,0.0
2026-09-20,SNUC,AL-Nukhba for Construction,,,,0.69,,,0.0,,0.0
2026-09-20,IMIB,Metallic Industries and Bicycles,,,,1.94,,,0.0,,0.0
2026-09-20,IIEW,Iraqi Engineering Works,,,,5.04,,,0.0,,0.0
2026-09-20,IHLI,Al-Hilal Industries,,,,1.4,,,0.0,,0.0
2026-09-20,HBAY,Babylon Hotel,,,,108.0,,,0.0,,0.0
2026-09-20,HTVM,Tourist Village of Mosul dam,,,,13.3,,,0.0,,0.0
2026-09-20,AIPM,Agricultural Products Meat,,,,4.7,,,0.0,,0.0
2026-09-20,AIRP,Iraqi Agricultural Products ,,,,11.0,,,0.0,,0.0
2026-09-20,BANS,AL-Anssari Islamic Bank,,,,0.05,,,0.0,,0.0
2026-09-20,BLAD,Al-Ataa Islamic Bank,,,,0.08,,,0.0,,0.0
2026-09-20,BAMS,Al-Mashreq Al-Arabi Islamic Bank,,,,0.85,,,0.0,,0.0
2026-09-20,BAME,Ameen Al-Iraq Islamic Bank,,,,1.0,,,0.0,,0.0
2026-09-20,BTRI,Trans Iraq Bank Investment,,,,0.25,,,0.0,,0.0
2026-09-20,BQAB,Al-Qabidh Islamic Bank,,,,0.07,,,0.0,,0.0
2026-09-20,BINI,Iraq Noor Islamic Bank for Investment,,,,0.2,,,0.0,,0.0
2026-09-20,BAAI,Arab Islamic Bank,,,,1.0,,,0.0,,0.0
2026-09-20,BMAL,AL- Mal Islamic Bank,,,,1.0,,,0.0,,0.0
2026-09-20,BERI,Erbil Investment & FinanceBank,,,,0.11,,,0.0,,0.0
2026-09-20,BQUR,Al-Qurtas Islamic Bank,,,,1.0,,,0.0,,0.0
2026-09-20,BRTB,Region Trade Bank,,,,1.01,,,0.0,,0.0
2026-09-20,BIDB,International Development Bank,,,,1.05,,,0.0,,0.0
2026-09-20,BMUI,Al-Mustashar Islamic Bank for Investment,,,,1.0,,,0.0,,0.0
2026-09-20,BTRU,Trust International Islamic Bank,,,,0.75,,,0.0,,0.0
2026-09-20,BJAB,Al janoob Islamic Bank,,,,0.94,,,0.0,,0.0
2026-09-20,VWIF,AL-Wiaam for Financial Investment,,,,0.68,,,0.0,,0.0
2026-09-20,VAMF,Al-Ameen for Financial Investment,,,,1.26,,,0.0,,0.0
2026-09-20,NAHF,Alahliya For Insurance,,,,0.75,,,0.0,,0.0
2026-09-20,SIBD,Ibdaa Al-sharq Alwast General Contracting,,,,1.0,,,0.0,,0.0
2026-09-20,IHFI,National Furniture Industries,,,,,,,0.0,,0.0
2026-09-20,IBPM,Baghdad for Packing Materials,,,,3.0,,,0.0,,0.0
2026-09-20,IMCI,Modern chemical industries,,,,100.0,,,0.0,,0.0
2026-09-20,HASH,Ashour Hotel,,,,25.98,,,0.0,,0.0
2026-09-20,BUND,United Bank,,,,0.05,,,0.0,,0.0
2026-09-20,BUOI,Union Bank of Iraq,,,,0.16,,,0.0,,0.0
2026-09-20,BWOR,World Islamic Bank for Investment,,,,1.0,,,0.0,,0.0
2026-09-20,SBAG,AL-Badia for General Trans,,,,1.2,,,0.0,,0.0
2026-09-20,IICM,Iraqi Carton Manufactories,,,,1.65,,,0.0,,0.0
2026-09-20,ABAP,Babil Animal & Vegetable Production ,,,,8.4,,,0.0,,0.0
2026-09-21,BASH,Ashur International Bank,0.31,0.31,0.31,0.31,0.31,0.0,5500000.0,1705000.0,6.0
2026-09-21,BBOB,Bank of Baghdad,2.88,2.88,2.82,2.84,2.88,-1.39,23042532.0,65481983.13,71.0
2026-09-21,BCOI,Commercial Islamic Bank of Iraq,0.56,0.56,0.55,0.55,0.56,-1.79,55196838.0,30358360.9,13.0
2026-09-21,BEFI,Economy Bank,0.24,0.24,0.23,0.23,0.24,-4.17,66477844.0,15290054.12,13.0
2026-09-21,BIBI,Investment Bank of Iraq,0.4,0.4,0.39,0.39,0.39,0.0,17202400.0,6760960.0,8.0
2026-09-21,BIIB,Iraqi Islamic Bank,0.97,0.97,0.97,0.97,0.97,0.0,71733.0,69581.01,3.0
2026-09-21,BIME,Middle East Bank,0.08,0.08,0.07,0.07,0.07,0.0,1290.0,100.3,3.0
2026-09-21,BKUI,Kurdistan International Bank,1.1,1.1,1.1,1.1,1.1,0.0,501308.0,551438.8,3.0
2026-09-21,BMNS,Al -Mansour Bank,2.05,2.05,2.02,2.03,2.05,-0.98,332413901.0,676044244.75,190.0
2026-09-21,BNOI,National Bank of Iraq,3.78,3.78,3.75,3.76,3.78,-0.53,4883623.0,18399718.82,61.0
2026-09-21,TASC,Asia Cell Telecommunication,15.79,15.79,15.65,15.65,15.79,-0.89,6132211.0,96132541.36,104.0
2026-09-21,TZNI,Al-Khatam Telecom,3.8,3.8,3.75,3.75,3.8,-1.32,171586.0,644697.5,13.0
2026-09-21,NAME,Al-Ameen for Insurance,0.85,0.85,0.84,0.84,0.86,-2.33,1004075.0,848425.18,6.0
2026-09-21,NDSA,Dar Al-Salam for Insurance,0.75,0.75,0.75,0.75,0.73,2.74,6666.0,4999.5,1.0
2026-09-21,SBPT,Baghdad -Iraq Transportation,19.6,19.62,19.5,19.5,19.6,-0.51,454400.0,8892328.0,13.0
2026-09-21,SKTA,Kharkh Tour Amuzement City,4.3,4.3,4.3,4.3,4.45,-3.37,10000.0,43000.0,1.0
2026-09-21,SMOF,Al-Mosul for funfairs,6.75,8.0,6.75,8.0,6.46,23.84,3148000.0,24529000.0,7.0
2026-09-21,SMRI,Mamoura Realestate ,2.55,2.55,2.3,2.3,2.55,-9.8,4124259.0,9632468.9,24.0
2026-09-21,SNUC,AL-Nukhba for Construction,0.63,0.63,0.63,0.63,0.69,-8.7,13555.0,8539.65,1.0
2026-09-21,IBSD,Baghdad Soft Drinks,6.24,6.24,6.1,6.2,6.23,-0.48,12010375.0,74268664.34,74.0
2026-09-21,IIDP,Iraqi Date Processing and Marketing,2.05,2.05,1.95,1.95,2.16,-9.72,171520.0,348003.12,4.0
2026-09-21,IKHC,Al -Khazer Construction Materials,1.12,1.12,1.12,1.12,1.12,0.0,280.0,313.6,4.0
2026-09-21,IKLV,Al-Kindi of Veterinary Vaccines,2.8,2.84,2.8,2.84,2.7,5.19,238981.0,671146.8,5.0
2026-09-21,IMAP,Al-Mansour Pharmaceuticals Industries,2.26,2.26,2.25,2.25,2.26,-0.44,5032106.0,11322559.56,18.0
2026-09-21,IRMC,Ready Made Clothes ,2.25,2.25,2.19,2.25,2.3,-2.17,632000.0,1387007.0,7.0
2026-09-21,HBAG,Baghdad Hotel,12.25,12.25,12.25,12.25,12.25,0.0,20308.0,248773.0,2.0
2026-09-21,HMAN,Mansour Hotel,55.5,60.0,55.5,60.0,55.5,8.11,116594.0,6759321.0,18.0
2026-09-21,AAHP,Al-Ahlyia agricultural production,2.08,2.08,2.08,2.08,2.11,-1.42,7002567.0,14565339.36,2.0
2026-09-21,AIPM,Agricultural Products Meat,4.7,4.7,4.65,4.65,4.7,-1.06,1003130.0,4677211.0,8.0
2026-09-21,AMEF,Middle East for Production- Fish,5.6,5.6,5.6,5.6,5.6,0.0,100.0,560.0,1.0
2026-09-21,BINT,International Islamic Bank,0.12,0.13,0.1,0.11,0.11,0.0,313266451.0,35988732.81,19.0
2026-09-21,BROI,Credit Bank Of Iraq,0.5,0.5,0.5,0.5,0.5,0.0,4175037.0,2087518.5,16.0
2026-09-21,NHAM,Al-Hamraa for Insurance,4.0,4.0,4.0,4.0,4.0,0.0,497.0,1988.0,1.0
2026-09-21,SAEI,Al-Ameen Estate Investment,1.47,1.47,1.46,1.46,1.47,-0.68,703381.0,1028470.07,5.0
2026-09-21,IFCM,Fallujah for construction Materials,2.8,2.8,2.75,2.75,2.75,0.0,1190695.0,3277998.75,19.0
2026-09-21,BMFI,Mosul Bank For Investment,0.13,0.13,0.13,0.13,0.14,-7.14,150000.0,19500.0,2.0
2026-09-21,BSUC,Sumer Commercial Bank,0.21,0.22,0.21,0.21,0.21,0.0,15150000.0,3183000.0,12.0
2026-09-21,BUND,United Bank,0.05,0.05,0.05,0.05,0.05,0.0,10000000.0,500000.0,10.0
2026-09-21,SBAG,AL-Badia for General Trans,1.2,1.21,1.2,1.21,1.2,0.83,10035.0,12124.83,2.0
2026-09-21,SIGT,General Transportation,1.33,1.33,1.33,1.33,1.33,0.0,3363.0,4472.79,1.0
2026-09-21,IELI,Electronic Industry,1.37,1.37,1.37,1.37,1.37,0.0,67500.0,92475.0,1.0
2026-09-21,IMCM,Modern Construction Materials,1.15,1.15,1.15,1.15,1.2,-4.17,21609.0,24850.35,1.0
2026-09-21,INCP,National Chemical &Plastic,1.8,1.8,1.8,1.8,1.8,0.0,27678.0,49820.4,3.0
2026-09-21,ITLI,The Light Industries,1.27,1.27,1.27,1.27,1.27,0.0,753913.0,957469.51,11.0
2026-09-21,HISH,Ishtar Hotels,9.2,9.2,9.18,9.2,9.2,0.0,105000.0,965814.94,3.0
2026-09-21,HNTI,National for Tourist Investment,9.9,9.9,9.9,9.9,9.8,1.02,1010.0,9999.0,1.0
2026-09-21,HPAL,Palestine Hotel,20.97,20.97,20.75,20.75,20.97,-1.05,19508.0,408202.76,4.0
2026-09-21,AISP,Iraqi for Seed Production,5.23,5.23,5.12,5.14,5.23,-1.72,11036393.0,57061414.88,50.0
2026-09-21,BWAI,Al-Warka Bank,,0.13,0.13,0.13,,,611928.0,79550.64,2.0
2026-09-21,BHAM,Hammurabi Commercial Bank,,,,,,,,,
2026-09-21,BSAN,Al-Sanam Islamic Bank,,,,3.0,,,,,
2026-09-21,FIDI,Iraqi Deposit Insurance Corporation,,,,1.0,,,,,
2026-09-21,FRSE,Rabee Securities,,,,25.0,,,,,
2026-09-21,FKSX,Karmal Brokerage,,,,10.0,,,,,
2026-09-21,FISH,Ishtar Gate for e-Paymant,,,,1.0,,,,,
2026-09-21,FSBE,Sama Baghdad Exchange,,,,,,,,,
2026-09-21,SYAM,Blue Yam General Trading Company,,,,,,,,,
2026-09-21,NMAS,Almaseer lnsurance Company,,,,,,,,,
2026-09-21,NBAT,Batek Insurance Company,,,,,,,,,
2026-09-21,NZA,Zain lnsurance Company,,,,,,,,,
2026-09-21,NDAR,Dar Altheqa Insurance Company,,,,,,,,,
2026-09-21,NSHA,Shatt Al Arab Insurance,,,,1.0,,,,,
2026-09-21,NBAD,Al Badia Insurance,,,,,,,,,
2026-09-21,NKUI,Kurdistan Insurance,,,,0.5,,,,,
2026-09-21,NELF,Elaf Insurance,,,,,,,,,
2026-09-21,NDIL,Dilina Insurance Company,,,,,,,,,
2026-09-21,NGAT,Asia Gate Insurance Company,,,,,,,,,
2026-09-21,NSHQ,Shariq Insurance Company,,,,,,,,,
2026-09-21,NSIA,Asia Insurance Company,,,,,,,,,
2026-09-21,INFF,National Food Industries Company,,,,,,,,,
2026-09-21,IKFP,Kirkuk producing constructional materials,,,,2.0,,,,,
2026-09-21,BUOI,Union Bank of Iraq,,,,0.16,,,0.0,,0.0
2026-09-21,BGUC,Gulf Commercial Bank,,,,0.32,,,0.0,,0.0
2026-09-21,BELF,Elaf Islamic Bank,,,,0.32,,,0.0,,0.0
2026-09-21,BNAI,National Islamic Bank,,,,1.0,,,0.0,,0.0
2026-09-21,BCIH,Cihan Bank for Islamic Investment&Finance,,,,1.75,,,0.0,,0.0
2026-09-21,HKAR,Rehab Karbalaa ,,,,0.5,,,0.0,,0.0
2026-09-21,IMIB,Metallic Industries and Bicycles,,,,1.94,,,0.0,,0.0
2026-09-21,IIEW,Iraqi Engineering Works,,,,5.04,,,0.0,,0.0
2026-09-21,IHLI,Al-Hilal Industries,,,,1.4,,,0.0,,0.0
2026-09-21,HBAY,Babylon Hotel,,,,108.0,,,0.0,,0.0
2026-09-21,HTVM,Tourist Village of Mosul dam,,,,13.3,,,0.0,,0.0
2026-09-21,AIRP,Iraqi Agricultural Products ,,,,11.0,,,0.0,,0.0
2026-09-21,BANS,AL-Anssari Islamic Bank,,,,0.05,,,0.0,,0.0
2026-09-21,BLAD,Al-Ataa Islamic Bank,,,,0.08,,,0.0,,0.0
2026-09-21,BAMS,Al-Mashreq Al-Arabi Islamic Bank,,,,0.85,,,0.0,,0.0
2026-09-21,BAME,Ameen Al-Iraq Islamic Bank,,,,1.0,,,0.0,,0.0
2026-09-21,BTRI,Trans Iraq Bank Investment,,,,0.25,,,0.0,,0.0
2026-09-21,BQAB,Al-Qabidh Islamic Bank,,,,0.07,,,0.0,,0.0
2026-09-21,BINI,Iraq Noor Islamic Bank for Investment,,,,0.2,,,0.0,,0.0
2026-09-21,BAAI,Arab Islamic Bank,,,,1.0,,,0.0,,0.0
2026-09-21,BMAL,AL- Mal Islamic Bank,,,,1.0,,,0.0,,0.0
2026-09-21,BERI,Erbil Investment & FinanceBank,,,,0.11,,,0.0,,0.0
2026-09-21,BQUR,Al-Qurtas Islamic Bank,,,,1.0,,,0.0,,0.0
2026-09-21,BRTB,Region Trade Bank,,,,1.01,,,0.0,,0.0
2026-09-21,BIDB,International Development Bank,,,,1.05,,,0.0,,0.0
2026-09-21,BMUI,Al-Mustashar Islamic Bank for Investment,,,,1.0,,,0.0,,0.0
2026-09-21,BTRU,Trust International Islamic Bank,,,,0.75,,,0.0,,0.0
2026-09-21,BJAB,Al janoob Islamic Bank,,,,0.94,,,0.0,,0.0
2026-09-21,VWIF,AL-Wiaam for Financial Investment,,,,0.68,,,0.0,,0.0
2026-09-21,VAMF,Al-Ameen for Financial Investment,,,,1.26,,,0.0,,0.0
2026-09-21,NAHF,Alahliya For Insurance,,,,0.75,,,0.0,,0.0
2026-09-21,SIBD,Ibdaa Al-sharq Alwast General Contracting,,,,1.0,,,0.0,,0.0
2026-09-21,IHFI,National Furniture Industries,,,,1.04,,,0.0,,0.0
2026-09-21,IBPM,Baghdad for Packing Materials,,,,3.0,,,0.0,,0.0
2026-09-21,IMCI,Modern chemical industries,,,,100.0,,,0.0,,0.0
2026-09-21,HASH,Ashour Hotel,,,,25.98,,,0.0,,0.0
2026-09-21,BWOR,World Islamic Bank for Investment,,,,1.0,,,0.0,,0.0
2026-09-21,IICM,Iraqi Carton Manufactories,,,,1.65,,,0.0,,0.0
2026-09-21,ABAP,Babil Animal & Vegetable Production ,,,,8.4,,,0.0,,0.0
2026-09-21,AMAP,Modern for Animal Production,,,,0.38,,,0.0,,0.0
